Date,Profit
2005-01-31,0.0
2005-02-01,-202.0
2005-02-02,254.0
2005-02-03,523.0
2005-02-04,1381.0
2005-02-09,1963.0
2005-02-10,2065.0
2005-02-11,2320.0
2005-02-14,2181.0
2005-02-15,2259.0
2005-02-16,2033.0
2005-02-17,2740.0
2005-02-18,2405.0
2005-02-21,2502.0
2005-02-22,2389.0
2005-02-23,2847.0
2005-02-24,4085.0
2005-02-25,4074.0
2005-02-28,3788.0
2005-03-01,3379.0
2005-03-02,3379.0
2005-03-03,3847.0
2005-03-04,4376.0
2005-03-07,4634.0
2005-03-08,4200.0
2005-03-09,3693.0
2005-03-10,3746.0
2005-03-11,3254.0
2005-03-14,3278.0
2005-03-15,2767.0
2005-03-16,3006.0
2005-03-17,3265.0
2005-03-18,2772.0
2005-03-21,2590.0
2005-03-22,1797.0
2005-03-23,1797.0
2005-03-24,1797.0
2005-03-28,1352.0
2005-03-29,937.0
2005-03-30,937.0
2005-03-31,1078.0
2005-04-01,1241.0
2005-04-04,874.0
2005-04-05,505.0
2005-04-06,505.0
2005-04-07,505.0
2005-04-08,82.0
2005-04-11,97.0
2005-04-12,403.0
2005-04-13,263.0
2005-04-14,-819.0
2005-04-15,-1147.0
2005-04-18,-1147.0
2005-04-19,-458.0
2005-04-20,-962.0
2005-04-22,-1257.0
2005-04-25,-1257.0
2005-04-26,-1184.0
2005-04-27,-1247.0
2005-04-28,-2049.0
2005-04-29,-1645.0
2005-05-02,-1645.0
2005-05-03,-1634.0
2005-05-04,-876.0
2005-05-05,-914.0
2005-05-06,-761.0
2005-05-09,-885.0
2005-05-10,-1587.0
2005-05-11,-1651.0
2005-05-12,-2233.0
2005-05-13,-2233.0
2005-05-16,-1741.0
2005-05-17,-1707.0
2005-05-18,-1222.0
2005-05-19,-1291.0
2005-05-20,-1598.0
2005-05-23,-1598.0
2005-05-24,-1598.0
2005-05-25,-1665.0
2005-05-27,-888.0
2005-05-30,-719.0
2005-05-31,-936.0
2005-06-01,-194.0
2005-06-02,497.0
2005-06-03,223.0
2005-06-06,-587.0
2005-06-07,-1117.0
2005-06-08,-1117.0
2005-06-09,-1117.0
2005-06-10,-1117.0
2005-06-13,-1166.0
2005-06-14,-1166.0
2005-06-15,-1429.0
2005-06-16,-1159.0
2005-06-17,-817.0
2005-06-20,-864.0
2005-06-21,-1188.0
2005-06-22,-1232.0
2005-06-23,-1232.0
2005-06-24,-1232.0
2005-06-27,-923.0
2005-06-28,-888.0
2005-06-29,-1023.0
2005-06-30,-1098.0
2005-07-01,-1098.0
2005-07-04,-1364.0
2005-07-05,-1734.0
2005-07-06,-1892.0
2005-07-07,-1892.0
2005-07-08,-1892.0
2005-07-11,-1299.0
2005-07-12,-779.0
2005-07-13,-459.0
2005-07-14,-395.0
2005-07-15,-1093.0
2005-07-18,-994.0
2005-07-19,-1044.0
2005-07-20,-610.0
2005-07-21,-473.0
2005-07-22,-924.0
2005-07-25,-1784.0
2005-07-26,-1447.0
2005-07-27,-977.0
2005-07-28,-247.0
2005-07-29,-273.0
2005-08-01,-17.0
2005-08-02,474.0
2005-08-03,399.0
2005-08-04,155.0
2005-08-05,203.0
2005-08-08,396.0
2005-08-09,976.0
2005-08-10,802.0
2005-08-11,318.0
2005-08-12,318.0
2005-08-15,742.0
2005-08-16,447.0
2005-08-17,783.0
2005-08-18,267.0
2005-08-19,11.0
2005-08-22,628.0
2005-08-23,136.0
2005-08-24,79.0
2005-08-25,769.0
2005-08-26,462.0
2005-08-29,752.0
2005-08-30,971.0
2005-08-31,1412.0
2005-09-01,1329.0
2005-09-02,1686.0
2005-09-05,1889.0
2005-09-06,2222.0
2005-09-08,2195.0
2005-09-09,2675.0
2005-09-12,2453.0
2005-09-13,2240.0
2005-09-14,2417.0
2005-09-15,2733.0
2005-09-16,3183.0
2005-09-19,3443.0
2005-09-20,3426.0
2005-09-21,4204.0
2005-09-22,4045.0
2005-09-23,4661.0
2005-09-26,4508.0
2005-09-27,4242.0
2005-09-28,4684.0
2005-09-29,4576.0
2005-09-30,4951.0
2005-10-03,5223.0
2005-10-04,4651.0
2005-10-05,3531.0
2005-10-06,3531.0
2005-10-07,3531.0
2005-10-10,3835.0
2005-10-11,4172.0
2005-10-13,3438.0
2005-10-14,3328.0
2005-10-17,3328.0
2005-10-18,2154.0
2005-10-19,2383.0
2005-10-20,1430.0
2005-10-21,2262.0
2005-10-24,2921.0
2005-10-25,2584.0
2005-10-26,2816.0
2005-10-27,2219.0
2005-10-28,2404.0
2005-10-31,3280.0
2005-11-01,3986.0
2005-11-03,4186.0
2005-11-04,3974.0
2005-11-07,4038.0
2005-11-08,4057.0
2005-11-09,3752.0
2005-11-10,3811.0
2005-11-11,3597.0
2005-11-14,3305.0
2005-11-16,3568.0
2005-11-17,4173.0
2005-11-18,4188.0
2005-11-21,4196.0
2005-11-22,4575.0
2005-11-23,5029.0
2005-11-24,5031.0
2005-11-25,5006.0
2005-11-28,4444.0
2005-11-29,4738.0
2005-11-30,5003.0
2005-12-01,5703.0
2005-12-02,5918.0
2005-12-05,5787.0
2005-12-06,6309.0
2005-12-07,5843.0
2005-12-08,5566.0
2005-12-09,6008.0
2005-12-12,6057.0
2005-12-13,6506.0
2005-12-14,6715.0
2005-12-15,6279.0
2005-12-16,6378.0
2005-12-19,6091.0
2005-12-20,6153.0
2005-12-21,6603.0
2005-12-22,6599.0
2005-12-23,6417.0
2005-12-26,6384.0
2005-12-27,6384.0
2005-12-28,6151.0
2005-12-29,6469.0
2006-01-02,6520.0
2006-01-03,7554.0
2006-01-04,8015.0
2006-01-05,7949.0
2006-01-06,8488.0
2006-01-09,8350.0
2006-01-10,8062.0
2006-01-11,8965.0
2006-01-12,8792.0
2006-01-13,8910.0
2006-01-16,9547.0
2006-01-17,9132.0
2006-01-18,8818.0
2006-01-19,8818.0
2006-01-20,8655.0
2006-01-23,8592.0
2006-01-24,9360.0
2006-01-26,9974.0
2006-01-27,9782.0
2006-01-30,10202.0
2006-01-31,10343.0
2006-02-01,10445.0
2006-02-02,9264.0
2006-02-03,9222.0
2006-02-06,9281.0
2006-02-07,8522.0
2006-02-08,8459.0
2006-02-09,8842.0
2006-02-10,8935.0
2006-02-13,8074.0
2006-02-14,8587.0
2006-02-15,9199.0
2006-02-16,10216.0
2006-02-17,10382.0
2006-02-20,10499.0
2006-02-21,10126.0
2006-02-22,10206.0
2006-02-23,10365.0
2006-02-24,10570.0
2006-03-01,11138.0
2006-03-02,11086.0
2006-03-03,11200.0
2006-03-06,10314.0
2006-03-07,9383.0
2006-03-08,9249.0
2006-03-09,8272.0
2006-03-10,8272.0
2006-03-13,8174.0
2006-03-14,8922.0
2006-03-15,9625.0
2006-03-16,9538.0
2006-03-17,9430.0
2006-03-20,9585.0
2006-03-21,8779.0
2006-03-22,9232.0
2006-03-23,8855.0
2006-03-24,8958.0
2006-03-27,9022.0
2006-03-28,8063.0
2006-03-29,8873.0
2006-03-30,9158.0
2006-03-31,9333.0
2006-04-03,10098.0
2006-04-04,10183.0
2006-04-05,10434.0
2006-04-06,10666.0
2006-04-07,10307.0
2006-04-10,9856.0
2006-04-11,9282.0
2006-04-12,9808.0
2006-04-13,9463.0
2006-04-17,9843.0
2006-04-18,10953.0
2006-04-19,11319.0
2006-04-20,11156.0
2006-04-24,11132.0
2006-04-25,11132.0
2006-04-26,11132.0
2006-04-27,10473.0
2006-04-28,11085.0
2006-05-02,11739.0
2006-05-03,11642.0
2006-05-04,11698.0
2006-05-05,12139.0
2006-05-08,12237.0
2006-05-09,12701.0
2006-05-10,12474.0
2006-05-11,11569.0
2006-05-12,11569.0
2006-05-15,11569.0
2006-05-16,11569.0
2006-05-17,10444.0
2006-05-18,9960.0
2006-05-19,9886.0
2006-05-22,9886.0
2006-05-23,9886.0
2006-05-24,9568.0
2006-05-25,9568.0
2006-05-26,10505.0
2006-05-29,10144.0
2006-05-30,8412.0
2006-05-31,8412.0
2006-06-01,9630.0
2006-06-02,9824.0
2006-06-05,8622.0
2006-06-06,8440.0
2006-06-07,8440.0
2006-06-08,8440.0
2006-06-09,8077.0
2006-06-12,6557.0
2006-06-13,6557.0
2006-06-14,6557.0
2006-06-16,8015.0
2006-06-19,7513.0
2006-06-20,7248.0
2006-06-21,7248.0
2006-06-22,7248.0
2006-06-23,7592.0
2006-06-26,7562.0
2006-06-27,7307.0
2006-06-28,7307.0
2006-06-29,8959.0
2006-06-30,9103.0
2006-07-03,9829.0
2006-07-04,9839.0
2006-07-05,8850.0
2006-07-06,9005.0
2006-07-07,8574.0
2006-07-10,8613.0
2006-07-11,9026.0
2006-07-12,8702.0
2006-07-13,7826.0
2006-07-14,7822.0
2006-07-17,7822.0
2006-07-18,7822.0
2006-07-19,9477.0
2006-07-20,8539.0
2006-07-21,8202.0
2006-07-24,8202.0
2006-07-25,8659.0
2006-07-26,8572.0
2006-07-27,8866.0
2006-07-28,9359.0
2006-07-31,9055.0
2006-08-01,8817.0
2006-08-02,9266.0
2006-08-03,9429.0
2006-08-04,9826.0
2006-08-07,9676.0
2006-08-08,9578.0
2006-08-09,9578.0
2006-08-10,9578.0
2006-08-11,9168.0
2006-08-14,8781.0
2006-08-15,8781.0
2006-08-16,9163.0
2006-08-17,9044.0
2006-08-18,9037.0
2006-08-21,9037.0
2006-08-22,9037.0
2006-08-23,9037.0
2006-08-24,9037.0
2006-08-25,9198.0
2006-08-28,9615.0
2006-08-29,9544.0
2006-08-30,9553.0
2006-08-31,9472.0
2006-09-01,10569.0
2006-09-04,10933.0
2006-09-05,10608.0
2006-09-06,9950.0
2006-09-08,9798.0
2006-09-11,9798.0
2006-09-12,9798.0
2006-09-13,10201.0
2006-09-14,9805.0
2006-09-15,9821.0
2006-09-18,10134.0
2006-09-19,9537.0
2006-09-20,8848.0
2006-09-21,8481.0
2006-09-22,8481.0
2006-09-25,8481.0
2006-09-26,9327.0
2006-09-27,9614.0
2006-09-28,9994.0
2006-09-29,9957.0
2006-10-02,10566.0
2006-10-03,9946.0
2006-10-04,11257.0
2006-10-05,11485.0
2006-10-06,11448.0
2006-10-09,11914.0
2006-10-10,12163.0
2006-10-11,11830.0
2006-10-13,12358.0
2006-10-16,12737.0
2006-10-17,12406.0
2006-10-18,12194.0
2006-10-19,12428.0
2006-10-20,12151.0
2006-10-23,12735.0
2006-10-24,13007.0
2006-10-25,13071.0
2006-10-26,13153.0
2006-10-27,12836.0
2006-10-30,12408.0
2006-10-31,12771.0
2006-11-01,13438.0
2006-11-03,13943.0
2006-11-06,14755.0
2006-11-07,14556.0
2006-11-08,14842.0
2006-11-09,14323.0
2006-11-10,14228.0
2006-11-13,14114.0
2006-11-14,14799.0
2006-11-16,14670.0
2006-11-17,14537.0
2006-11-21,15078.0
2006-11-22,15421.0
2006-11-23,15578.0
2006-11-24,15266.0
2006-11-27,14423.0
2006-11-28,14423.0
2006-11-29,15350.0
2006-11-30,15312.0
2006-12-01,14707.0
2006-12-04,14707.0
2006-12-05,15210.0
2006-12-06,15149.0
2006-12-07,14962.0
2006-12-08,15031.0
2006-12-11,15031.0
2006-12-12,14752.0
2006-12-13,15019.0
2006-12-14,15489.0
2006-12-15,15330.0
2006-12-18,15243.0
2006-12-19,15324.0
2006-12-20,15236.0
2006-12-21,15119.0
2006-12-22,15090.0
2006-12-26,15337.0
2006-12-27,16260.0
2006-12-28,16208.0
2007-01-02,17117.0
2007-01-03,16179.0
2007-01-04,15754.0
2007-01-05,13979.0
2007-01-08,13979.0
2007-01-09,13156.0
2007-01-10,13485.0
2007-01-11,13819.0
2007-01-12,14244.0
2007-01-15,14068.0
2007-01-16,13773.0
2007-01-17,13773.0
2007-01-18,13516.0
2007-01-19,14466.0
2007-01-22,14591.0
2007-01-23,15215.0
2007-01-24,15725.0
2007-01-26,15450.0
2007-01-29,14611.0
2007-01-30,15082.0
2007-01-31,15680.0
2007-02-01,15853.0
2007-02-02,16036.0
2007-02-05,16324.0
2007-02-06,16390.0
2007-02-07,15626.0
2007-02-08,15930.0
2007-02-09,15322.0
2007-02-12,14973.0
2007-02-13,16235.0
2007-02-14,17034.0
2007-02-15,16993.0
2007-02-16,16887.0
2007-02-21,17128.0
2007-02-22,17490.0
2007-02-23,17054.0
2007-02-26,17245.0
2007-02-27,14183.0
2007-02-28,14930.0
2007-03-01,14555.0
2007-03-02,13408.0
2007-03-05,12217.0
2007-03-06,14256.0
2007-03-07,13705.0
2007-03-08,14504.0
2007-03-09,15171.0
2007-03-12,15287.0
2007-03-13,13787.0
2007-03-14,14326.0
2007-03-15,14316.0
2007-03-16,13768.0
2007-03-19,14751.0
2007-03-20,15389.0
2007-03-21,16669.0
2007-03-22,16462.0
2007-03-23,16571.0
2007-03-26,16683.0
2007-03-27,16245.0
2007-03-28,15522.0
2007-03-29,16393.0
2007-03-30,16843.0
2007-04-02,16635.0
2007-04-03,17326.0
2007-04-04,17592.0
2007-04-05,17685.0
2007-04-09,17893.0
2007-04-10,18212.0
2007-04-11,17977.0
2007-04-12,18385.0
2007-04-13,18964.0
2007-04-16,19959.0
2007-04-17,19793.0
2007-04-18,19748.0
2007-04-19,19800.0
2007-04-20,20446.0
2007-04-23,20200.0
2007-04-24,20109.0
2007-04-25,20109.0
2007-04-26,19501.0
2007-04-27,19663.0
2007-04-30,19389.0
2007-05-02,19905.0
2007-05-03,20651.0
2007-05-04,21031.0
2007-05-07,20715.0
2007-05-08,20711.0
2007-05-09,20711.0
2007-05-10,19646.0
2007-05-11,20313.0
2007-05-14,19922.0
2007-05-15,19929.0
2007-05-16,21149.0
2007-05-17,21042.0
2007-05-18,21489.0
2007-05-21,21834.0
2007-05-22,21619.0
2007-05-23,21224.0
2007-05-24,19942.0
2007-05-25,19942.0
2007-05-28,20444.0
2007-05-29,20037.0
2007-05-30,20852.0
2007-05-31,20592.0
2007-06-01,21747.0
2007-06-04,21567.0
2007-06-05,21486.0
2007-06-06,20373.0
2007-06-08,20654.0
2007-06-11,21101.0
2007-06-12,20121.0
2007-06-13,21318.0
2007-06-14,22037.0
2007-06-15,22843.0
2007-06-18,23054.0
2007-06-19,22968.0
2007-06-20,22353.0
2007-06-21,22353.0
2007-06-22,21963.0
2007-06-25,21738.0
2007-06-26,21548.0
2007-06-27,21839.0
2007-06-28,21843.0
2007-06-29,22088.0
2007-07-02,23067.0
2007-07-03,23396.0
2007-07-04,23392.0
2007-07-05,23628.0
2007-07-06,24140.0
2007-07-10,23579.0
2007-07-11,24052.0
2007-07-12,25309.0
2007-07-13,25340.0
2007-07-16,25070.0
2007-07-17,25356.0
2007-07-18,25252.0
2007-07-19,25821.0
2007-07-20,25139.0
2007-07-23,25733.0
2007-07-24,23491.0
2007-07-25,23697.0
2007-07-26,21589.0
2007-07-27,20618.0
2007-07-30,20618.0
2007-07-31,20228.0
2007-08-01,20279.0
2007-08-02,20736.0
2007-08-03,18891.0
2007-08-06,19136.0
2007-08-07,19847.0
2007-08-08,21286.0
2007-08-09,19476.0
2007-08-10,18683.0
2007-08-13,18479.0
2007-08-14,18479.0
2007-08-15,18479.0
2007-08-16,18479.0
2007-08-17,18479.0
2007-08-20,19126.0
2007-08-21,19735.0
2007-08-22,21665.0
2007-08-23,21768.0
2007-08-24,22918.0
2007-08-27,22998.0
2007-08-28,21565.0
2007-08-29,22655.0
2007-08-30,22778.0
2007-08-31,24557.0
2007-09-03,24753.0
2007-09-04,25170.0
2007-09-05,24328.0
2007-09-06,24489.0
2007-09-10,22573.0
2007-09-11,23841.0
2007-09-12,23803.0
2007-09-13,24828.0
2007-09-14,24591.0
2007-09-17,24261.0
2007-09-18,24261.0
2007-09-19,24859.0
2007-09-20,24501.0
2007-09-21,25394.0
2007-09-24,26314.0
2007-09-25,26453.0
2007-09-26,27310.0
2007-09-27,28647.0
2007-09-28,28060.0
2007-10-01,29935.0
2007-10-02,29612.0
2007-10-03,27694.0
2007-10-04,28002.0
2007-10-05,29914.0
2007-10-08,30256.0
2007-10-09,31144.0
2007-10-10,30792.0
2007-10-11,30051.0
2007-10-15,30051.0
2007-10-16,28800.0
2007-10-17,30276.0
2007-10-18,30343.0
2007-10-19,27976.0
2007-10-22,28297.0
2007-10-23,29779.0
2007-10-24,29707.0
2007-10-25,29423.0
2007-10-26,31358.0
2007-10-29,32126.0
2007-10-30,31465.0
2007-10-31,32400.0
2007-11-01,31132.0
2007-11-05,30042.0
2007-11-06,31585.0
2007-11-07,30583.0
2007-11-08,30644.0
2007-11-09,31403.0
2007-11-12,28609.0
2007-11-13,30009.0
2007-11-14,31713.0
2007-11-16,31691.0
2007-11-19,29418.0
2007-11-21,27664.0
2007-11-22,27664.0
2007-11-23,27982.0
2007-11-26,26080.0
2007-11-27,26443.0
2007-11-28,28726.0
2007-11-29,29167.0
2007-11-30,30017.0
2007-12-03,30211.0
2007-12-04,30493.0
2007-12-05,31939.0
2007-12-06,32802.0
2007-12-07,32650.0
2007-12-10,32457.0
2007-12-11,31523.0
2007-12-12,31753.0
2007-12-13,29872.0
2007-12-14,29456.0
2007-12-17,26839.0
2007-12-18,26839.0
2007-12-19,27465.0
2007-12-20,27459.0
2007-12-21,28841.0
2007-12-26,30031.0
2007-12-27,29517.0
2007-12-28,29629.0
2008-01-02,28558.0
2008-01-03,28635.0
2008-01-04,26780.0
2008-01-07,26515.0
2008-01-08,27824.0
2008-01-09,28417.0
2008-01-10,29258.0
2008-01-11,27685.0
2008-01-14,27931.0
2008-01-15,25650.0
2008-01-16,24520.0
2008-01-17,22780.0
2008-01-18,23249.0
2008-01-21,19452.0
2008-01-22,21840.0
2008-01-23,19978.0
2008-01-24,23206.0
2008-01-28,24337.0
2008-01-29,25273.0
2008-01-30,26032.0
2008-01-31,25233.0
2008-02-01,26823.0
2008-02-06,24712.0
2008-02-07,24708.0
2008-02-08,24819.0
2008-02-11,26386.0
2008-02-12,27548.0
2008-02-13,28334.0
2008-02-14,27562.0
2008-02-15,27015.0
2008-02-18,27015.0
2008-02-19,26511.0
2008-02-20,27961.0
2008-02-21,28006.0
2008-02-22,28823.0
2008-02-25,29215.0
2008-02-26,29397.0
2008-02-27,29709.0
2008-02-28,29769.0
2008-02-29,27703.0
2008-03-03,28704.0
2008-03-04,27870.0
2008-03-05,28843.0
2008-03-06,27189.0
2008-03-07,26082.0
2008-03-10,24213.0
2008-03-11,26582.0
2008-03-12,26391.0
2008-03-13,26494.0
2008-03-14,26205.0
2008-03-17,24226.0
2008-03-18,24226.0
2008-03-19,21120.0
2008-03-20,21280.0
2008-03-24,22106.0
2008-03-25,23527.0
2008-03-26,23708.0
2008-03-27,23055.0
2008-03-28,22745.0
2008-03-31,23261.0
2008-04-01,25068.0
2008-04-02,25657.0
2008-04-03,26468.0
2008-04-04,26739.0
2008-04-07,26469.0
2008-04-08,26833.0
2008-04-09,25770.0
2008-04-10,25820.0
2008-04-11,24878.0
2008-04-14,24446.0
2008-04-15,24911.0
2008-04-16,26445.0
2008-04-17,26845.0
2008-04-18,27216.0
2008-04-22,27706.0
2008-04-23,27241.0
2008-04-24,26869.0
2008-04-25,27480.0
2008-04-28,27971.0
2008-04-29,26119.0
2008-04-30,30161.0
2008-05-02,31659.0
2008-05-05,32468.0
2008-05-06,32488.0
2008-05-07,31311.0
2008-05-08,32015.0
2008-05-09,31939.0
2008-05-12,32709.0
2008-05-13,32796.0
2008-05-14,32320.0
2008-05-15,33785.0
2008-05-16,35060.0
2008-05-19,35732.0
2008-05-20,35810.0
2008-05-21,34588.0
2008-05-23,33745.0
2008-05-26,33745.0
2008-05-27,33108.0
2008-05-28,35269.0
2008-05-29,33914.0
2008-05-30,34709.0
2008-06-02,34013.0
2008-06-03,32128.0
2008-06-04,30789.0
2008-06-05,33351.0
2008-06-06,31902.0
2008-06-09,31397.0
2008-06-10,31397.0
2008-06-11,31397.0
2008-06-12,31397.0
2008-06-13,31279.0
2008-06-16,31360.0
2008-06-17,32513.0
2008-06-18,31165.0
2008-06-19,30665.0
2008-06-20,28689.0
2008-06-23,28689.0
2008-06-24,28217.0
2008-06-25,29902.0
2008-06-26,27996.0
2008-06-27,28370.0
2008-06-30,29067.0
2008-07-01,27445.0
2008-07-02,25155.0
2008-07-03,23322.0
2008-07-04,23322.0
2008-07-07,23045.0
2008-07-08,23493.0
2008-07-10,24210.0
2008-07-11,24105.0
2008-07-14,24678.0
2008-07-15,24972.0
2008-07-16,26013.0
2008-07-17,24066.0
2008-07-18,23945.0
2008-07-21,24729.0
2008-07-22,23604.0
2008-07-23,23378.0
2008-07-24,21391.0
2008-07-25,21391.0
2008-07-28,21391.0
2008-07-29,22565.0
2008-07-30,24520.0
2008-07-31,24027.0
2008-08-01,22152.0
2008-08-04,22152.0
2008-08-05,22152.0
2008-08-06,23223.0
2008-08-07,22699.0
2008-08-08,22265.0
2008-08-11,22265.0
2008-08-12,22265.0
2008-08-13,22265.0
2008-08-14,22830.0
2008-08-15,21936.0
2008-08-18,21019.0
2008-08-19,21019.0
2008-08-20,22757.0
2008-08-21,23315.0
2008-08-22,23230.0
2008-08-25,21857.0
2008-08-26,21857.0
2008-08-27,21857.0
2008-08-28,22720.0
2008-08-29,22018.0
2008-09-01,21500.0
2008-09-02,20742.0
2008-09-03,20742.0
2008-09-04,20742.0
2008-09-05,20742.0
2008-09-08,19520.0
2008-09-09,19520.0
2008-09-10,20718.0
2008-09-11,22355.0
2008-09-12,23478.0
2008-09-15,19501.0
2008-09-16,20314.0
2008-09-17,16994.0
2008-09-18,19508.0
2008-09-19,24140.0
2008-09-22,22626.0
2008-09-23,20678.0
2008-09-24,20928.0
2008-09-25,22913.0
2008-09-26,21868.0
2008-09-29,17113.0
2008-09-30,20626.0
2008-10-01,20626.0
2008-10-02,16972.0
2008-10-03,15344.0
2008-10-06,12928.0
2008-10-07,12928.0
2008-10-08,12928.0
2008-10-09,12928.0
2008-10-10,12928.0
2008-10-13,12928.0
2008-10-14,13668.0
2008-10-15,8932.0
2008-10-16,8541.0
2008-10-17,8541.0
2008-10-20,8541.0
2008-10-21,8143.0
2008-10-22,4170.0
2008-10-23,2918.0
2008-10-24,2918.0
2008-10-27,2918.0
2008-10-28,2918.0
2008-10-29,4376.0
2008-10-30,6980.0
2008-10-31,6788.0
2008-11-03,7780.0
2008-11-04,9786.0
2008-11-05,7317.0
2008-11-06,5893.0
2008-11-07,6196.0
2008-11-10,6307.0
2008-11-11,6793.0
2008-11-12,3905.0
2008-11-13,5524.0
2008-11-14,5320.0
2008-11-17,5248.0
2008-11-18,3626.0
2008-11-19,2936.0
2008-11-21,2936.0
2008-11-24,5874.0
2008-11-25,6498.0
2008-11-26,8155.0
2008-11-27,7898.0
2008-11-28,8281.0
2008-12-01,6426.0
2008-12-02,6686.0
2008-12-03,6982.0
2008-12-04,6813.0
2008-12-05,7032.0
2008-12-08,9970.0
2008-12-09,9653.0
2008-12-10,10689.0
2008-12-11,10204.0
2008-12-12,11059.0
2008-12-15,10005.0
2008-12-16,11678.0
2008-12-17,11632.0
2008-12-18,11221.0
2008-12-19,11221.0
2008-12-22,9709.0
2008-12-23,9709.0
2008-12-26,10102.0
2008-12-29,10298.0
2008-12-30,10788.0
2009-01-02,13482.0
2009-01-05,14757.0
2009-01-06,15550.0
2009-01-07,14058.0
2009-01-08,15229.0
2009-01-09,14821.0
2009-01-12,12641.0
2009-01-13,12782.0
2009-01-14,11220.0
2009-01-15,12389.0
2009-01-16,12580.0
2009-01-19,12066.0
2009-01-20,10510.0
2009-01-21,10510.0
2009-01-22,9861.0
2009-01-23,10099.0
2009-01-26,10476.0
2009-01-27,10666.0
2009-01-28,12194.0
2009-01-29,11605.0
2009-01-30,11268.0
2009-02-02,10633.0
2009-02-03,10633.0
2009-02-04,11015.0
2009-02-05,11995.0
2009-02-06,13642.0
2009-02-09,12986.0
2009-02-10,12093.0
2009-02-11,11732.0
2009-02-12,11387.0
2009-02-13,12560.0
2009-02-16,12727.0
2009-02-17,10733.0
2009-02-18,10560.0
2009-02-19,10560.0
2009-02-20,9545.0
2009-02-25,9062.0
2009-02-26,9010.0
2009-02-27,9010.0
2009-03-02,7062.0
2009-03-03,7295.0
2009-03-04,9229.0
2009-03-05,8196.0
2009-03-06,7932.0
2009-03-09,7568.0
2009-03-10,7568.0
2009-03-11,7578.0
2009-03-12,7925.0
2009-03-13,7788.0
2009-03-16,7380.0
2009-03-17,7380.0
2009-03-18,8011.0
2009-03-19,8322.0
2009-03-20,7945.0
2009-03-23,10308.0
2009-03-24,9345.0
2009-03-25,9668.0
2009-03-26,10458.0
2009-03-27,9776.0
2009-03-30,8522.0
2009-03-31,8795.0
2009-04-01,9845.0
2009-04-02,11605.0
2009-04-03,12260.0
2009-04-06,12036.0
2009-04-07,11694.0
2009-04-08,11694.0
2009-04-09,13051.0
2009-04-13,13504.0
2009-04-14,12930.0
2009-04-15,12785.0
2009-04-16,12785.0
2009-04-17,12538.0
2009-04-20,11193.0
2009-04-22,11648.0
2009-04-23,12561.0
2009-04-24,13532.0
2009-04-27,12580.0
2009-04-28,12581.0
2009-04-29,13987.0
2009-04-30,14050.0
2009-05-04,17165.0
2009-05-05,17430.0
2009-05-06,18259.0
2009-05-07,16818.0
2009-05-08,18156.0
2009-05-11,17736.0
2009-05-12,17086.0
2009-05-13,15439.0
2009-05-14,16206.0
2009-05-15,15767.0
2009-05-18,18223.0
2009-05-19,18107.0
2009-05-20,18005.0
2009-05-21,18005.0
2009-05-22,18005.0
2009-05-25,18253.0
2009-05-26,19278.0
2009-05-27,19229.0
2009-05-28,20478.0
2009-05-29,20635.0
2009-06-01,21923.0
2009-06-02,21437.0
2009-06-03,19524.0
2009-06-04,19524.0
2009-06-05,19401.0
2009-06-08,19690.0
2009-06-09,19217.0
2009-06-10,19471.0
2009-06-12,19618.0
2009-06-15,18094.0
2009-06-16,17266.0
2009-06-17,17106.0
2009-06-18,17106.0
2009-06-19,17106.0
2009-06-22,15227.0
2009-06-23,15546.0
2009-06-24,15404.0
2009-06-25,17247.0
2009-06-26,17218.0
2009-06-29,17870.0
2009-06-30,17197.0
2009-07-01,17276.0
2009-07-02,16757.0
2009-07-03,16667.0
2009-07-06,16667.0
2009-07-07,15502.0
2009-07-08,15502.0
2009-07-10,15545.0
2009-07-13,15511.0
2009-07-14,15197.0
2009-07-15,15197.0
2009-07-16,15818.0
2009-07-17,15972.0
2009-07-20,17055.0
2009-07-21,17134.0
2009-07-22,16973.0
2009-07-23,18149.0
2009-07-24,18357.0
2009-07-27,18449.0
2009-07-28,18372.0
2009-07-29,17635.0
2009-07-30,18378.0
2009-07-31,18666.0
2009-08-03,19898.0
2009-08-04,19938.0
2009-08-05,20284.0
2009-08-06,19655.0
2009-08-07,20230.0
2009-08-10,20730.0
2009-08-11,19661.0
2009-08-12,20488.0
2009-08-13,20948.0
2009-08-14,20538.0
2009-08-17,19118.0
2009-08-18,19649.0
2009-08-19,20056.0
2009-08-20,20731.0
2009-08-21,21629.0
2009-08-24,21675.0
2009-08-25,21321.0
2009-08-26,21666.0
2009-08-27,21604.0
2009-08-28,21601.0
2009-08-31,20389.0
2009-09-01,19715.0
2009-09-02,19715.0
2009-09-03,20036.0
2009-09-04,20981.0
2009-09-08,22184.0
2009-09-09,22239.0
2009-09-10,22865.0
2009-09-11,22695.0
2009-09-14,23197.0
2009-09-15,23593.0
2009-09-16,24740.0
2009-09-17,24565.0
2009-09-18,25032.0
2009-09-21,25257.0
2009-09-22,25822.0
2009-09-23,24825.0
2009-09-24,24375.0
2009-09-25,24375.0
2009-09-28,25336.0
2009-09-29,25254.0
2009-09-30,25537.0
2009-10-01,24478.0
2009-10-02,25191.0
2009-10-05,26388.0
2009-10-06,26690.0
2009-10-07,26657.0
2009-10-08,27779.0
2009-10-09,28090.0
2009-10-13,28665.0
2009-10-14,30220.0
2009-10-15,30722.0
2009-10-16,30219.0
2009-10-19,31258.0
2009-10-20,29322.0
2009-10-21,29505.0
2009-10-22,30154.0
2009-10-23,29078.0
2009-10-26,29105.0
2009-10-27,27180.0
2009-10-28,24181.0
2009-10-29,27740.0
2009-10-30,25565.0
2009-11-03,26662.0
2009-11-04,27932.0
2009-11-05,28835.0
2009-11-06,28485.0
2009-11-09,30233.0
2009-11-10,30322.0
2009-11-11,30450.0
2009-11-12,28467.0
2009-11-13,29345.0
2009-11-16,30646.0
2009-11-17,31425.0
2009-11-18,30535.0
2009-11-19,30346.0
2009-11-23,30346.0
2009-11-24,30854.0
2009-11-25,31454.0
2009-11-26,29929.0
2009-11-27,30619.0
2009-11-30,30581.0
2009-12-01,32083.0
2009-12-02,32152.0
2009-12-03,31852.0
2009-12-04,31141.0
2009-12-07,32049.0
2009-12-08,31266.0
2009-12-09,31549.0
2009-12-10,32265.0
2009-12-11,32804.0
2009-12-14,32886.0
2009-12-15,32848.0
2009-12-16,32159.0
2009-12-17,30605.0
2009-12-18,30605.0
2009-12-21,30605.0
2009-12-22,30605.0
2009-12-23,30776.0
2009-12-28,31089.0
2009-12-29,31483.0
2009-12-30,31775.0
2010-01-04,33232.0
2010-01-05,33427.0
2010-01-06,33916.0
2010-01-07,33638.0
2010-01-08,33450.0
2010-01-11,33620.0
2010-01-12,33263.0
2010-01-13,33572.0
2010-01-14,32988.0
2010-01-15,32165.0
2010-01-18,32165.0
2010-01-19,32673.0
2010-01-20,30964.0
2010-01-21,29034.0
2010-01-22,29034.0
2010-01-26,29034.0
2010-01-27,29034.0
2010-01-28,29034.0
2010-01-29,28848.0
2010-02-01,28848.0
2010-02-02,29439.0
2010-02-03,29385.0
2010-02-04,26210.0
2010-02-05,25039.0
2010-02-08,25039.0
2010-02-09,26604.0
2010-02-10,26937.0
2010-02-11,28015.0
2010-02-12,27741.0
2010-02-17,29171.0
2010-02-18,29722.0
2010-02-19,29483.0
2010-02-22,29070.0
2010-02-23,27994.0
2010-02-24,27994.0
2010-02-25,28320.0
2010-02-26,28702.0
2010-03-01,29427.0
2010-03-02,29978.0
2010-03-03,29840.0
2010-03-04,30014.0
2010-03-05,31046.0
2010-03-08,30774.0
2010-03-09,31775.0
2010-03-09,31775.0
2010-03-10,0.0
2010-03-11,-94.0
2010-03-12,-638.0
2010-03-15,-955.0
2010-03-16,-37.0
2010-03-17,-256.0
2010-03-18,-282.0
2010-03-19,-1150.0
2010-03-22,-937.0
2010-03-23,-592.0
2010-03-24,-1066.0
2010-03-25,-1537.0
2010-03-26,-1296.0
2010-03-29,-40.0
2010-03-30,-19.0
2010-03-31,393.0
2010-04-01,1157.0
2010-04-05,1311.0
2010-04-06,1117.0
2010-04-07,814.0
2010-04-08,1806.0
2010-04-09,1438.0
2010-04-12,635.0
2010-04-13,813.0
2010-04-14,1056.0
2010-04-15,545.0
2010-04-16,-558.0
2010-04-19,-881.0
2010-04-20,-661.0
2010-04-22,-593.0
2010-04-23,-470.0
2010-04-26,-1107.0
2010-04-27,-3468.0
2010-04-28,-3323.0
2010-04-29,-2001.0
2010-04-30,-2449.0
2010-05-03,-2860.0
2010-05-04,-5110.0
2010-05-05,-5065.0
2010-05-06,-6565.0
2010-05-07,-7108.0
2010-05-10,-4526.0
2010-05-11,-5554.0
2010-05-12,-4755.0
2010-05-13,-5191.0
2010-05-14,-6567.0
2010-05-17,-7113.0
2010-05-18,-9138.0
2010-05-19,-10290.0
2010-05-20,-11787.0
2010-05-21,-9720.0
2010-05-24,-10064.0
2010-05-25,-10795.0
2010-05-26,-9789.0
2010-05-27,-7887.0
2010-05-28,-8032.0
2010-05-31,-6932.0
2010-06-01,-8138.0
2010-06-02,-7036.0
2010-06-04,-8303.0
2010-06-07,-8796.0
2010-06-08,-8123.0
2010-06-09,-8500.0
2010-06-10,-6930.0
2010-06-11,-6374.0
2010-06-14,-6446.0
2010-06-15,-5537.0
2010-06-16,-5228.0
2010-06-17,-5438.0
2010-06-18,-5541.0
2010-06-21,-5150.0
2010-06-22,-5168.0
2010-06-23,-4819.0
2010-06-24,-6042.0
2010-06-25,-5155.0
2010-06-28,-5754.0
2010-06-29,-8001.0
2010-06-30,-9043.0
2010-07-01,-8743.0
2010-07-02,-8549.0
2010-07-05,-9114.0
2010-07-06,-7914.0
2010-07-07,-6695.0
2010-07-08,-6503.0
2010-07-12,-7019.0
2010-07-13,-6293.0
2010-07-14,-6500.0
2010-07-15,-6490.0
2010-07-16,-7640.0
2010-07-19,-6682.0
2010-07-20,-5516.0
2010-07-21,-5502.0
2010-07-22,-4231.0
2010-07-23,-3656.0
2010-07-26,-3536.0
2010-07-27,-3305.0
2010-07-28,-3171.0
2010-07-29,-3025.0
2010-07-30,-2464.0
2010-08-02,-1462.0
2010-08-03,-1982.0
2010-08-04,-1707.0
2010-08-05,-1567.0
2010-08-06,-1884.0
2010-08-09,-2117.0
2010-08-10,-2756.0
2010-08-11,-4189.0
2010-08-12,-4013.0
2010-08-13,-3715.0
2010-08-16,-3277.0
2010-08-17,-2395.0
2010-08-18,-2341.0
2010-08-19,-3092.0
2010-08-20,-3302.0
2010-08-23,-3997.0
2010-08-24,-4823.0
2010-08-25,-5176.0
2010-08-26,-6112.0
2010-08-27,-4394.0
2010-08-30,-5718.0
2010-08-31,-4834.0
2010-09-01,-2906.0
2010-09-02,-3171.0
2010-09-03,-3300.0
2010-09-06,-3232.0
2010-09-08,-3572.0
2010-09-09,-3355.0
2010-09-10,-3172.0
2010-09-13,-1948.0
2010-09-14,-2287.0
2010-09-15,-1872.0
2010-09-16,-2316.0
2010-09-17,-2890.0
2010-09-20,-1789.0
2010-09-21,-2260.0
2010-09-22,-1654.0
2010-09-23,-1185.0
2010-09-24,-1783.0
2010-09-27,-1163.0
2010-09-28,-751.0
2010-09-29,-751.0
2010-09-30,-549.0
2010-10-01,250.0
2010-10-04,406.0
2010-10-05,1304.0
2010-10-06,562.0
2010-10-07,-61.0
2010-10-08,830.0
2010-10-11,967.0
2010-10-13,1696.0
2010-10-14,1713.0
2010-10-15,1851.0
2010-10-18,1757.0
2010-10-19,-115.0
2010-10-20,426.0
2010-10-21,-327.0
2010-10-22,-449.0
2010-10-25,-399.0
2010-10-26,761.0
2010-10-27,590.0
2010-10-28,341.0
2010-10-29,694.0
2010-11-01,1582.0
2010-11-03,1926.0
2010-11-04,3017.0
2010-11-05,2628.0
2010-11-08,2678.0
2010-11-09,1700.0
2010-11-10,1659.0
2010-11-11,1216.0
2010-11-12,388.0
2010-11-16,-787.0
2010-11-17,-270.0
2010-11-18,802.0
2010-11-19,919.0
2010-11-22,-346.0
2010-11-23,-2026.0
2010-11-24,-350.0
2010-11-25,-617.0
2010-11-26,-1753.0
2010-11-29,-2071.0
2010-11-30,-2274.0
2010-12-01,-633.0
2010-12-02,-452.0
2010-12-03,-213.0
2010-12-06,-427.0
2010-12-07,-641.0
2010-12-08,-1804.0
2010-12-09,-2100.0
2010-12-10,-1637.0
2010-12-13,-853.0
2010-12-14,-1236.0
2010-12-15,-2109.0
2010-12-16,-2673.0
2010-12-17,-1998.0
2010-12-20,-2715.0
2010-12-21,-1764.0
2010-12-22,-1508.0
2010-12-23,-1493.0
2010-12-27,-2176.0
2010-12-28,-1938.0
2010-12-29,-1027.0
2010-12-30,-674.0
2011-01-03,-17.0
2011-01-04,339.0
2011-01-05,1112.0
2011-01-06,600.0
2011-01-07,78.0
2011-01-10,148.0
2011-01-11,444.0
2011-01-12,1654.0
2011-01-13,742.0
2011-01-14,961.0
2011-01-17,630.0
2011-01-18,941.0
2011-01-19,79.0
2011-01-20,-417.0
2011-01-21,-846.0
2011-01-24,-552.0
2011-01-26,-1270.0
2011-01-27,-1928.0
2011-01-28,-3281.0
2011-01-31,-3404.0
2011-02-01,-2132.0
2011-02-02,-3291.0
2011-02-03,-3214.0
2011-02-04,-4710.0
2011-02-07,-4617.0
2011-02-08,-4208.0
2011-02-09,-5761.0
2011-02-10,-5401.0
2011-02-11,-4223.0
2011-02-14,-3421.0
2011-02-15,-3638.0
2011-02-16,-2408.0
2011-02-17,-2294.0
2011-02-18,-1912.0
2011-02-21,-2720.0
2011-02-22,-3539.0
2011-02-23,-3069.0
2011-02-24,-3030.0
2011-02-25,-3076.0
2011-02-28,-2596.0
2011-03-01,-3736.0
2011-03-02,-2697.0
2011-03-03,-1833.0
2011-03-04,-1967.0
2011-03-09,-2715.0
2011-03-10,-3938.0
2011-03-11,-3294.0
2011-03-14,-2810.0
2011-03-15,-2974.0
2011-03-16,-3976.0
2011-03-17,-3763.0
2011-03-18,-3099.0
2011-03-21,-3289.0
2011-03-22,-2401.0
2011-03-23,-2183.0
2011-03-24,-2446.0
2011-03-25,-2213.0
2011-03-28,-2786.0
2011-03-29,-2560.0
2011-03-30,-1982.0
2011-03-31,-1392.0
2011-04-01,-711.0
2011-04-04,-275.0
2011-04-05,-141.0
2011-04-06,-942.0
2011-04-07,-803.0
2011-04-08,-1261.0
2011-04-11,-1815.0
2011-04-12,-3083.0
2011-04-13,-3493.0
2011-04-14,-3700.0
2011-04-15,-3295.0
2011-04-18,-4564.0
2011-04-19,-3821.0
2011-04-20,-2921.0
2011-04-25,-3007.0
2011-04-26,-2835.0
2011-04-27,-3715.0
2011-04-28,-4306.0
2011-04-29,-3846.0
2011-05-02,-4516.0
2011-05-03,-5661.0
2011-05-04,-6363.0
2011-05-05,-6572.0
2011-05-06,-5562.0
2011-05-09,-5357.0
2011-05-10,-5102.0
2011-05-11,-6203.0
2011-05-12,-5976.0
2011-05-13,-6744.0
2011-05-16,-7149.0
2011-05-17,-6306.0
2011-05-18,-7138.0
2011-05-19,-7612.0
2011-05-20,-7382.0
2011-05-23,-7634.0
2011-05-24,-6642.0
2011-05-25,-6591.0
2011-05-26,-5880.0
2011-05-27,-5684.0
2011-05-30,-6025.0
2011-05-31,-5359.0
2011-06-01,-6568.0
2011-06-02,-5761.0
2011-06-03,-5638.0
2011-06-06,-6911.0
2011-06-07,-6761.0
2011-06-08,-6946.0
2011-06-09,-6510.0
2011-06-10,-7282.0
2011-06-13,-7956.0
2011-06-14,-7774.0
2011-06-15,-8375.0
2011-06-16,-9098.0
2011-06-17,-8919.0
2011-06-20,-8811.0
2011-06-21,-8555.0
2011-06-22,-8785.0
2011-06-24,-8962.0
2011-06-27,-8762.0
2011-06-28,-7676.0
2011-06-29,-7645.0
2011-06-30,-7575.0
2011-07-01,-6585.0
2011-07-04,-6088.0
2011-07-05,-6940.0
2011-07-06,-7414.0
2011-07-07,-7772.0
2011-07-08,-8466.0
2011-07-11,-9755.0
2011-07-12,-10274.0
2011-07-13,-9309.0
2011-07-14,-10300.0
2011-07-15,-10501.0
2011-07-18,-11141.0
2011-07-19,-10897.0
2011-07-20,-10859.0
2011-07-21,-9716.0
2011-07-22,-9709.0
2011-07-25,-10008.0
2011-07-26,-10639.0
2011-07-27,-11691.0
2011-07-28,-11271.0
2011-07-29,-11156.0
2011-08-01,-11443.0
2011-08-02,-12668.0
2011-08-03,-13962.0
2011-08-04,-17168.0
2011-08-05,-17030.0
2011-08-08,-21311.0
2011-08-09,-18828.0
2011-08-10,-18584.0
2011-08-11,-16636.0
2011-08-12,-16506.0
2011-08-15,-15327.0
2011-08-16,-15655.0
2011-08-17,-14906.0
2011-08-18,-16845.0
2011-08-19,-17531.0
2011-08-22,-17539.0
2011-08-23,-16192.0
2011-08-24,-16183.0
2011-08-25,-17026.0
2011-08-26,-16628.0
2011-08-29,-15118.0
2011-08-30,-14594.0
2011-08-31,-13484.0
2011-09-01,-11861.0
2011-09-02,-13447.0
2011-09-05,-14981.0
2011-09-06,-13372.0
2011-09-08,-12355.0
2011-09-09,-14201.0
2011-09-12,-14294.0
2011-09-13,-14435.0
2011-09-14,-13693.0
2011-09-15,-13598.0
2011-09-16,-12769.0
2011-09-19,-12876.0
2011-09-20,-13600.0
2011-09-21,-13997.0
2011-09-22,-16699.0
2011-09-23,-16749.0
2011-09-26,-16231.0
2011-09-27,-16059.0
2011-09-28,-16709.0
2011-09-29,-16594.0
2011-09-30,-17655.0
2011-10-03,-19187.0
2011-10-04,-19293.0
2011-10-05,-18965.0
2011-10-06,-17689.0
2011-10-07,-18735.0
2011-10-10,-16706.0
2011-10-11,-16141.0
2011-10-13,-15378.0
2011-10-14,-14949.0
2011-10-17,-16068.0
2011-10-18,-14947.0
2011-10-19,-15013.0
2011-10-20,-15969.0
2011-10-21,-14724.0
2011-10-24,-13087.0
2011-10-25,-13693.0
2011-10-26,-12835.0
2011-10-27,-10709.0
2011-10-28,-10466.0
2011-10-31,-11641.0
2011-11-01,-12656.0
2011-11-03,-11783.0
2011-11-04,-11309.0
2011-11-07,-10780.0
2011-11-08,-10953.0
2011-11-09,-12429.0
2011-11-10,-12657.0
2011-11-11,-11432.0
2011-11-14,-11721.0
2011-11-16,-11419.0
2011-11-17,-12990.0
2011-11-18,-13248.0
2011-11-21,-13694.0
2011-11-22,-14101.0
2011-11-23,-15007.0
2011-11-24,-14699.0
2011-11-25,-15085.0
2011-11-28,-13962.0
2011-11-29,-14679.0
2011-11-30,-13104.0
2011-12-01,-11836.0
2011-12-02,-12093.0
2011-12-05,-11069.0
2011-12-06,-10443.0
2011-12-07,-11316.0
2011-12-08,-12524.0
2011-12-09,-11743.0
2011-12-12,-12632.0
2011-12-13,-12484.0
2011-12-14,-13332.0
2011-12-15,-13648.0
2011-12-16,-13882.0
2011-12-19,-14681.0
2011-12-20,-13114.0
2011-12-21,-13326.0
2011-12-22,-12631.0
2011-12-23,-12278.0
2011-12-26,-12310.0
2011-12-27,-11974.0
2011-12-28,-13445.0
2011-12-29,-13225.0
2012-01-03,-10714.0
2012-01-04,-10614.0
2012-01-05,-11433.0
2012-01-06,-11379.0
2012-01-09,-10896.0
2012-01-10,-10173.0
2012-01-11,-10017.0
2012-01-12,-10058.0
2012-01-13,-10832.0
2012-01-16,-10023.0
2012-01-17,-9333.0
2012-01-18,-8256.0
2012-01-19,-8052.0
2012-01-20,-7667.0
2012-01-23,-7593.0
2012-01-24,-7493.0
2012-01-26,-7026.0
2012-01-27,-7075.0
2012-01-30,-7209.0
2012-01-31,-6907.0
2012-02-01,-5412.0
2012-02-02,-5386.0
2012-02-03,-4762.0
2012-02-06,-4755.0
2012-02-07,-4062.0
2012-02-08,-4148.0
2012-02-09,-4449.0
2012-02-10,-5981.0
2012-02-13,-4287.0
2012-02-14,-4940.0
2012-02-15,-4611.0
2012-02-16,-3837.0
2012-02-17,-3775.0
2012-02-23,-4159.0
2012-02-24,-4036.0
2012-02-27,-4738.0
2012-02-28,-4020.0
2012-02-29,-4167.0
2012-03-01,-3169.0
2012-03-02,-2197.0
2012-03-05,-3015.0
2012-03-06,-4865.0
2012-03-07,-3962.0
2012-03-08,-3071.0
2012-03-09,-3275.0
2012-03-12,-3594.0
2012-03-13,-1585.0
2012-03-14,-1722.0
2012-03-15,-2230.0
2012-03-16,-2295.0
2012-03-19,-2249.0
2012-03-20,-2683.0
2012-03-21,-3119.0
2012-03-22,-4151.0
2012-03-23,-4166.0
2012-03-26,-3294.0
2012-03-27,-3942.0
2012-03-28,-4900.0
2012-03-29,-5107.0
2012-03-30,-5468.0
2012-04-02,-4763.0
2012-04-03,-5695.0
2012-04-04,-6450.0
2012-04-05,-6288.0
2012-04-09,-7056.0
2012-04-10,-8241.0
2012-04-11,-8686.0
2012-04-12,-6921.0
2012-04-13,-7873.0
2012-04-16,-8024.0
2012-04-17,-7280.0
2012-04-18,-6969.0
2012-04-19,-7361.0
2012-04-20,-7485.0
2012-04-23,-8440.0
2012-04-24,-8008.0
2012-04-25,-8229.0
2012-04-26,-7781.0
2012-04-27,-8288.0
2012-04-30,-8159.0
2012-05-02,-7555.0
2012-05-03,-7875.0
2012-05-04,-9158.0
2012-05-07,-8759.0
2012-05-08,-9614.0
2012-05-09,-10193.0
2012-05-10,-10277.0
2012-05-11,-10534.0
2012-05-14,-12439.0
2012-05-15,-13741.0
2012-05-16,-14091.0
2012-05-17,-15941.0
2012-05-18,-15466.0
2012-05-21,-13389.0
2012-05-22,-14940.0
2012-05-23,-15360.0
2012-05-24,-15916.0
2012-05-25,-15516.0
2012-05-28,-14766.0
2012-05-29,-15346.0
2012-05-30,-16181.0
2012-05-31,-15489.0
2012-06-01,-16576.0
2012-06-04,-16562.0
2012-06-05,-17498.0
2012-06-06,-15823.0
2012-06-08,-15549.0
2012-06-11,-15978.0
2012-06-12,-14930.0
2012-06-13,-14328.0
2012-06-14,-14627.0
2012-06-15,-13874.0
2012-06-18,-13784.0
2012-06-19,-12784.0
2012-06-20,-12812.0
2012-06-21,-14474.0
2012-06-22,-14539.0
2012-06-25,-16174.0
2012-06-26,-16142.0
2012-06-27,-16870.0
2012-06-28,-17327.0
2012-06-29,-15624.0
2012-07-02,-15286.0
2012-07-03,-14199.0
2012-07-04,-13902.0
2012-07-05,-13600.0
2012-07-06,-14585.0
2012-07-10,-16273.0
2012-07-11,-16410.0
2012-07-12,-16558.0
2012-07-13,-15648.0
2012-07-16,-16577.0
2012-07-17,-16070.0
2012-07-18,-15396.0
2012-07-19,-14632.0
2012-07-20,-15784.0
2012-07-23,-16945.0
2012-07-24,-17340.0
2012-07-25,-17371.0
2012-07-26,-15976.0
2012-07-27,-13426.0
2012-07-30,-12738.0
2012-07-31,-13882.0
2012-08-01,-14356.0
2012-08-02,-14459.0
2012-08-03,-12724.0
2012-08-06,-11634.0
2012-08-07,-12253.0
2012-08-08,-11028.0
2012-08-09,-11182.0
2012-08-10,-10698.0
2012-08-13,-10856.0
2012-08-14,-11896.0
2012-08-15,-11790.0
2012-08-16,-10533.0
2012-08-17,-10897.0
2012-08-20,-10696.0
2012-08-21,-11061.0
2012-08-22,-10598.0
2012-08-23,-11467.0
2012-08-24,-11553.0
2012-08-27,-11868.0
2012-08-28,-11573.0
2012-08-29,-12610.0
2012-08-30,-12723.0
2012-08-31,-12918.0
2012-09-03,-12698.0
2012-09-04,-13745.0
2012-09-05,-13115.0
2012-09-06,-11658.0
2012-09-10,-11575.0
2012-09-11,-10556.0
2012-09-12,-10057.0
2012-09-13,-8021.0
2012-09-14,-7874.0
2012-09-17,-8173.0
2012-09-18,-8175.0
2012-09-19,-8327.0
2012-09-20,-8291.0
2012-09-21,-8659.0
2012-09-24,-8069.0
2012-09-25,-9478.0
2012-09-26,-9501.0
2012-09-27,-9739.0
2012-09-28,-10803.0
2012-10-01,-10408.0
2012-10-02,-10757.0
2012-10-03,-11352.0
2012-10-04,-11521.0
2012-10-05,-11407.0
2012-10-08,-10662.0
2012-10-09,-11040.0
2012-10-10,-11523.0
2012-10-11,-10817.0
2012-10-15,-10377.0
2012-10-16,-10235.0
2012-10-17,-9892.0
2012-10-18,-10245.0
2012-10-19,-11057.0
2012-10-22,-11279.0
2012-10-23,-12289.0
2012-10-24,-12818.0
2012-10-25,-12142.0
2012-10-26,-12702.0
2012-10-29,-12802.0
2012-10-30,-12295.0
2012-10-31,-12911.0
2012-11-01,-11596.0
2012-11-05,-11769.0
2012-11-06,-10520.0
2012-11-07,-11462.0
2012-11-08,-12455.0
2012-11-09,-12621.0
2012-11-12,-12915.0
2012-11-13,-12493.0
2012-11-14,-13700.0
2012-11-16,-14577.0
2012-11-19,-13528.0
2012-11-21,-13737.0
2012-11-22,-13542.0
2012-11-23,-12405.0
2012-11-26,-13242.0
2012-11-27,-13731.0
2012-11-28,-13440.0
2012-11-29,-12126.0
2012-11-30,-12504.0
2012-12-03,-11777.0
2012-12-04,-12416.0
2012-12-05,-12300.0
2012-12-06,-12323.0
2012-12-07,-11492.0
2012-12-10,-10731.0
2012-12-11,-10356.0
2012-12-12,-10505.0
2012-12-13,-10662.0
2012-12-14,-10374.0
2012-12-17,-10412.0
2012-12-18,-9518.0
2012-12-19,-8981.0
2012-12-20,-8703.0
2012-12-21,-8972.0
2012-12-26,-9019.0
2012-12-27,-9563.0
2012-12-28,-9027.0
2013-01-02,-7429.0
2013-01-03,-6667.0
2013-01-04,-7456.0
2013-01-07,-8046.0
2013-01-08,-8851.0
2013-01-09,-8400.0
2013-01-10,-8301.0
2013-01-11,-8482.0
2013-01-14,-7898.0
2013-01-15,-8251.0
2013-01-16,-8192.0
2013-01-17,-7785.0
2013-01-18,-8023.0
2013-01-21,-8079.0
2013-01-22,-8287.0
2013-01-23,-8013.0
2013-01-24,-8809.0
2013-01-28,-9952.0
2013-01-29,-9573.0
2013-01-30,-10642.0
2013-01-31,-10218.0
2013-02-01,-9628.0
2013-02-04,-10403.0
2013-02-05,-10534.0
2013-02-06,-11028.0
2013-02-07,-11607.0
2013-02-08,-11481.0
2013-02-13,-11573.0
2013-02-14,-11902.0
2013-02-15,-12076.0
2013-02-18,-12365.0
2013-02-19,-12665.0
2013-02-20,-13801.0
2013-02-21,-13824.0
2013-02-22,-13282.0
2013-02-25,-13361.0
2013-02-26,-13030.0
2013-02-27,-12705.0
2013-02-28,-12555.0
2013-03-01,-13095.0
2013-03-04,-13480.0
2013-03-05,-14028.0
2013-03-06,-12039.0
2013-03-07,-11132.0
2013-03-08,-11546.0
2013-03-11,-11434.0
2013-03-12,-11770.0
2013-03-13,-12593.0
2013-03-14,-12698.0
2013-03-15,-13110.0
2013-03-18,-13006.0
2013-03-19,-13618.0
2013-03-20,-13949.0
2013-03-21,-14402.0
2013-03-22,-14736.0
2013-03-25,-15106.0
2013-03-26,-14308.0
2013-03-27,-13945.0
2013-03-28,-13627.0
2013-04-01,-14077.0
2013-04-02,-15090.0
2013-04-03,-14416.0
2013-04-04,-15331.0
2013-04-05,-14928.0
2013-04-08,-14887.0
2013-04-09,-14067.0
2013-04-10,-13792.0
2013-04-11,-14578.0
2013-04-12,-15016.0
2013-04-15,-17029.0
2013-04-16,-15988.0
2013-04-17,-17097.0
2013-04-18,-16813.0
2013-04-19,-16050.0
2013-04-22,-15681.0
2013-04-23,-15094.0
2013-04-24,-14995.0
2013-04-25,-15016.0
2013-04-26,-15727.0
2013-04-29,-15092.0
2013-04-30,-14069.0
2013-05-02,-14657.0
2013-05-03,-14491.0
2013-05-06,-14549.0
2013-05-07,-13704.0
2013-05-08,-14174.0
2013-05-09,-14531.0
2013-05-10,-14871.0
2013-05-13,-15531.0
2013-05-14,-15312.0
2013-05-15,-15043.0
2013-05-16,-15206.0
2013-05-17,-14815.0
2013-05-20,-14278.0
2013-05-21,-13714.0
2013-05-22,-13550.0
2013-05-23,-13629.0
2013-05-24,-13573.0
2013-05-27,-13583.0
2013-05-28,-13943.0
2013-05-29,-15344.0
2013-05-31,-16473.0
2013-06-03,-16035.0
2013-06-04,-15961.0
2013-06-05,-17180.0
2013-06-06,-17094.0
2013-06-07,-18360.0
2013-06-10,-18662.0
2013-06-11,-20209.0
2013-06-12,-20798.0
2013-06-13,-19564.0
2013-06-14,-20647.0
2013-06-17,-20890.0
2013-06-18,-20514.0
2013-06-19,-22086.0
2013-06-20,-21765.0
2013-06-21,-22923.0
2013-06-24,-24014.0
2013-06-25,-23086.0
2013-06-26,-22807.0
2013-06-27,-22370.0
2013-06-28,-22522.0
2013-07-01,-22749.0
2013-07-02,-24750.0
2013-07-03,-24935.0
2013-07-04,-24216.0
2013-07-05,-24769.0
2013-07-08,-24903.0
2013-07-10,-24496.0
2013-07-11,-23353.0
2013-07-12,-24446.0
2013-07-15,-23240.0
2013-07-16,-23110.0
2013-07-17,-22572.0
2013-07-18,-22322.0
2013-07-19,-22579.0
2013-07-22,-21405.0
2013-07-23,-21159.0
2013-07-24,-21605.0
2013-07-25,-20912.0
2013-07-26,-20557.0
2013-07-29,-20767.0
2013-07-30,-21417.0
2013-07-31,-21745.0
2013-08-01,-20838.0
2013-08-02,-21505.0
2013-08-05,-21543.0
2013-08-06,-22557.0
2013-08-07,-22532.0
2013-08-08,-21050.0
2013-08-09,-20104.0
2013-08-12,-19680.0
2013-08-13,-19378.0
2013-08-14,-19083.0
2013-08-15,-19071.0
2013-08-16,-18440.0
2013-08-19,-18405.0
2013-08-20,-19472.0
2013-08-21,-19574.0
2013-08-22,-18581.0
2013-08-23,-17782.0
2013-08-26,-18550.0
2013-08-27,-19887.0
2013-08-28,-20112.0
2013-08-29,-20057.0
2013-08-30,-19971.0
2013-09-02,-18144.0
2013-09-03,-18353.0
2013-09-04,-18263.0
2013-09-05,-17627.0
2013-09-06,-16230.0
2013-09-09,-15727.0
2013-09-10,-16000.0
2013-09-11,-16409.0
2013-09-12,-16672.0
2013-09-13,-16181.0
2013-09-16,-16157.0
2013-09-17,-15708.0
2013-09-18,-14276.0
2013-09-19,-14883.0
2013-09-20,-15869.0
2013-09-23,-15377.0
2013-09-24,-15548.0
2013-09-25,-15718.0
2013-09-26,-16196.0
2013-09-27,-16240.0
2013-09-30,-17641.0
2013-10-01,-16800.0
2013-10-02,-16879.0
2013-10-03,-17489.0
2013-10-04,-17130.0
2013-10-07,-17562.0
2013-10-08,-17667.0
2013-10-09,-17431.0
2013-10-10,-16982.0
2013-10-11,-16829.0
2013-10-14,-15808.0
2013-10-15,-14998.0
2013-10-16,-14006.0
2013-10-17,-14621.0
2013-10-18,-14601.0
2013-10-21,-13902.0
2013-10-22,-13519.0
2013-10-23,-14539.0
2013-10-24,-15102.0
2013-10-25,-15825.0
2013-10-28,-14906.0
2013-10-29,-15440.0
2013-10-30,-15806.0
2013-10-31,-15723.0
2013-11-01,-15966.0
2013-11-04,-15542.0
2013-11-05,-16147.0
2013-11-06,-16594.0
2013-11-07,-17238.0
2013-11-08,-17730.0
2013-11-11,-17355.0
2013-11-12,-18175.0
2013-11-13,-17749.0
2013-11-14,-16527.0
2013-11-18,-15672.0
2013-11-19,-16946.0
2013-11-21,-17291.0
2013-11-22,-17178.0
2013-11-25,-17715.0
2013-11-26,-18532.0
2013-11-27,-18118.0
2013-11-28,-18132.0
2013-11-29,-17497.0
2013-12-02,-18734.0
2013-12-03,-19630.0
2013-12-04,-19763.0
2013-12-05,-19191.0
2013-12-06,-19035.0
2013-12-09,-18814.0
2013-12-10,-18986.0
2013-12-11,-19911.0
2013-12-12,-19857.0
2013-12-13,-19928.0
2013-12-16,-19699.0
2013-12-17,-19889.0
2013-12-18,-19416.0
2013-12-19,-19160.0
2013-12-20,-18793.0
2013-12-23,-18623.0
2013-12-26,-18758.0
2013-12-27,-18712.0
2013-12-30,-18472.0
2014-01-02,-19638.0
2014-01-03,-18998.0
2014-01-06,-19005.0
2014-01-07,-19549.0
2014-01-08,-19402.0
2014-01-09,-20657.0
2014-01-10,-20283.0
2014-01-13,-20552.0
2014-01-14,-20276.0
2014-01-15,-19874.0
2014-01-16,-20283.0
2014-01-17,-20797.0
2014-01-20,-21271.0
2014-01-21,-21437.0
2014-01-22,-20679.0
2014-01-23,-21658.0
2014-01-24,-22192.0
2014-01-27,-22278.0
2014-01-28,-22138.0
2014-01-29,-22422.0
2014-01-30,-22735.0
2014-01-31,-22340.0
2014-02-03,-23831.0
2014-02-04,-23015.0
2014-02-05,-23355.0
2014-02-06,-22241.0
2014-02-07,-21905.0
2014-02-10,-22268.0
2014-02-11,-21516.0
2014-02-12,-21762.0
2014-02-13,-22166.0
2014-02-14,-21778.0
2014-02-17,-22403.0
2014-02-18,-23379.0
2014-02-19,-22828.0
2014-02-20,-22690.0
2014-02-21,-22599.0
2014-02-24,-22586.0
2014-02-25,-23263.0
2014-02-26,-23380.0
2014-02-27,-22372.0
2014-02-28,-22885.0
2014-03-05,-23390.0
2014-03-06,-22886.0
2014-03-07,-23735.0
2014-03-10,-24446.0
2014-03-11,-24281.0
2014-03-12,-24117.0
2014-03-13,-24535.0
2014-03-14,-25013.0
2014-03-17,-24861.0
2014-03-18,-23829.0
2014-03-19,-23412.0
2014-03-20,-22701.0
2014-03-21,-22598.0
2014-03-24,-21986.0
2014-03-25,-21799.0
2014-03-26,-22013.0
2014-03-27,-20332.0
2014-03-28,-20211.0
2014-03-31,-19564.0
2014-04-01,-19709.0
2014-04-02,-18278.0
2014-04-03,-18571.0
2014-04-04,-18897.0
2014-04-07,-17824.0
2014-04-08,-18350.0
2014-04-09,-18794.0
2014-04-10,-18852.0
2014-04-11,-18112.0
2014-04-14,-18383.0
2014-04-15,-19525.0
2014-04-16,-18778.0
2014-04-17,-17867.0
2014-04-22,-18002.0
2014-04-23,-18409.0
2014-04-24,-18162.0
2014-04-25,-18580.0
2014-04-28,-18595.0
2014-04-29,-18140.0
2014-04-30,-18353.0
2014-05-02,-16999.0
2014-05-05,-16533.0
2014-05-06,-16199.0
2014-05-07,-15926.0
2014-05-08,-16557.0
2014-05-09,-16879.0
2014-05-12,-15926.0
2014-05-13,-16072.0
2014-05-14,-15566.0
2014-05-15,-16123.0
2014-05-16,-16003.0
2014-05-19,-16626.0
2014-05-20,-17613.0
2014-05-21,-17776.0
2014-05-22,-17173.0
2014-05-23,-17353.0
2014-05-26,-17047.0
2014-05-27,-17807.0
2014-05-28,-17339.0
2014-05-29,-17740.0
2014-05-30,-18740.0
2014-06-02,-18373.0
2014-06-03,-17947.0
2014-06-04,-18146.0
2014-06-05,-18420.0
2014-06-06,-16850.0
2014-06-09,-15706.0
2014-06-10,-15375.0
2014-06-11,-14877.0
2014-06-13,-15172.0
2014-06-16,-15349.0
2014-06-17,-15679.0
2014-06-18,-14776.0
2014-06-20,-15341.0
2014-06-23,-15769.0
2014-06-24,-15698.0
2014-06-25,-16553.0
2014-06-26,-16473.0
2014-06-27,-16822.0
2014-06-30,-16811.0
2014-07-01,-16808.0
2014-07-02,-16950.0
2014-07-03,-16104.0
2014-07-04,-15924.0
2014-07-07,-16177.0
2014-07-08,-16344.0
2014-07-10,-15386.0
2014-07-11,-15193.0
2014-07-14,-14235.0
2014-07-15,-14005.0
2014-07-16,-14262.0
2014-07-17,-14341.0
2014-07-18,-12966.0
2014-07-21,-12345.0
2014-07-22,-11996.0
2014-07-23,-12559.0
2014-07-24,-12001.0
2014-07-25,-12158.0
2014-07-28,-12283.0
2014-07-29,-12860.0
2014-07-30,-13101.0
2014-07-31,-14150.0
2014-08-01,-14076.0
2014-08-04,-13363.0
2014-08-05,-13777.0
2014-08-06,-13492.0
2014-08-07,-13791.0
2014-08-08,-14406.0
2014-08-11,-13366.0
2014-08-12,-13537.0
2014-08-13,-14398.0
2014-08-14,-14199.0
2014-08-15,-13015.0
2014-08-18,-12418.0
2014-08-19,-11530.0
2014-08-20,-11101.0
2014-08-21,-10987.0
2014-08-22,-11572.0
2014-08-25,-10244.0
2014-08-26,-10158.0
2014-08-27,-9028.0
2014-08-28,-9688.0
2014-08-29,-8691.0
2014-09-01,-8838.0
2014-09-02,-8083.0
2014-09-03,-8142.0
2014-09-04,-9179.0
2014-09-05,-9298.0
2014-09-08,-10786.0
2014-09-09,-11303.0
2014-09-10,-11780.0
2014-09-11,-11642.0
2014-09-12,-13051.0
2014-09-15,-12030.0
2014-09-16,-10864.0
2014-09-17,-10871.0
2014-09-18,-11605.0
2014-09-19,-12190.0
2014-09-22,-13161.0
2014-09-23,-13438.0
2014-09-24,-13155.0
2014-09-25,-14017.0
2014-09-26,-12767.0
2014-09-29,-15354.0
2014-09-30,-15863.0
2014-10-01,-17121.0
2014-10-02,-16460.0
2014-10-03,-15439.0
2014-10-06,-12863.0
2014-10-07,-12543.0
2014-10-08,-12921.0
2014-10-09,-12711.0
2014-10-10,-14667.0
2014-10-13,-12022.0
2014-10-14,-11964.0
2014-10-15,-13844.0
2014-10-16,-15681.0
2014-10-17,-14255.0
2014-10-20,-15676.0
2014-10-21,-17547.0
2014-10-22,-17568.0
2014-10-23,-19266.0
2014-10-24,-18038.0
2014-10-27,-19475.0
2014-10-28,-17649.0
2014-10-29,-18930.0
2014-10-30,-17642.0
2014-10-31,-15350.0
2014-11-03,-16032.0
2014-11-04,-15595.0
2014-11-05,-16281.0
2014-11-06,-17342.0
2014-11-07,-16756.0
2014-11-10,-17254.0
2014-11-11,-17505.0
2014-11-12,-17000.0
2014-11-13,-18133.0
2014-11-14,-18207.0
2014-11-17,-18722.0
2014-11-18,-17917.0
2014-11-19,-16576.0
2014-11-21,-13895.0
2014-11-24,-14572.0
2014-11-25,-14418.0
2014-11-26,-14881.0
2014-11-27,-15258.0
2014-11-28,-15315.0
2014-12-01,-17703.0
2014-12-02,-18367.0
2014-12-03,-17659.0
2014-12-04,-18552.0
2014-12-05,-17987.0
2014-12-08,-19705.0
2014-12-09,-19786.0
2014-12-10,-20431.0
2014-12-11,-20118.0
2014-12-12,-21977.0
2014-12-15,-22960.0
2014-12-16,-22971.0
2014-12-17,-21265.0
2014-12-18,-21483.0
2014-12-19,-20328.0
2014-12-22,-19858.0
2014-12-23,-19089.0
2014-12-26,-19834.0
2014-12-29,-19385.0
2014-12-30,-19972.0
2015-01-02,-21467.0
2015-01-05,-22462.0
2015-01-06,-21978.0
2015-01-07,-20516.0
2015-01-08,-20036.0
2015-01-09,-21139.0
2015-01-12,-21839.0
2015-01-13,-21937.0
2015-01-14,-22333.0
2015-01-15,-21953.0
2015-01-16,-20962.0
2015-01-19,-22221.0
2015-01-20,-22102.0
2015-01-21,-20755.0
2015-01-22,-20536.0
2015-01-23,-21204.0
2015-01-26,-21402.0
2015-01-27,-21388.0
2015-01-28,-22284.0
2015-01-29,-22217.0
2015-01-30,-23071.0
2015-02-02,-22328.0
2015-02-03,-21015.0
2015-02-04,-20678.0
2015-02-05,-20745.0
2015-02-06,-21187.0
2015-02-09,-20596.0
2015-02-10,-21469.0
2015-02-11,-21739.0
2015-02-12,-20446.0
2015-02-13,-19343.0
2015-02-18,-18699.0
2015-02-19,-18685.0
2015-02-20,-18741.0
2015-02-23,-18698.0
2015-02-24,-18105.0
2015-02-25,-18168.0
2015-02-26,-18218.0
2015-02-27,-18396.0
2015-03-02,-18958.0
2015-03-03,-18675.0
2015-03-04,-19511.0
2015-03-05,-19614.0
2015-03-06,-19998.0
2015-03-09,-20798.0
2015-03-10,-21686.0
2015-03-11,-21073.0
2015-03-12,-21099.0
2015-03-13,-21383.0
2015-03-16,-21131.0
2015-03-17,-19694.0
2015-03-18,-18453.0
2015-03-19,-19025.0
2015-03-20,-18012.0
2015-03-23,-18071.0
2015-03-24,-18473.0
2015-03-25,-18121.0
2015-03-26,-19399.0
2015-03-27,-19884.0
2015-03-30,-18736.0
2015-03-31,-18829.0
2015-04-01,-17657.0
2015-04-02,-16856.0
2015-04-06,-16242.0
2015-04-07,-16250.0
2015-04-08,-16318.0
2015-04-09,-16176.0
2015-04-10,-15765.0
2015-04-10,-15765.0
2015-04-13,0.0
2015-04-14,-258.0
2015-04-15,-258.0
2015-04-16,-258.0
2015-04-17,-258.0
2015-04-20,-258.0
2015-04-22,-258.0
2015-04-23,-258.0
2015-04-24,-258.0
2015-04-27,-1317.0
2015-04-28,-1317.0
2015-04-29,-1317.0
2015-04-30,-1317.0
2015-05-04,-192.0
2015-05-05,506.0
2015-05-06,-443.0
2015-05-07,-443.0
2015-05-08,-443.0
2015-05-11,-443.0
2015-05-12,-443.0
2015-05-13,-443.0
2015-05-14,-443.0
2015-05-15,-443.0
2015-05-18,-443.0
2015-05-19,-443.0
2015-05-20,-443.0
2015-05-21,-443.0
2015-05-22,-443.0
2015-05-25,-443.0
2015-05-26,-443.0
2015-05-27,-443.0
2015-05-28,-443.0
2015-05-29,-443.0
2015-06-01,-443.0
2015-06-02,-443.0
2015-06-03,-443.0
2015-06-05,-443.0
2015-06-08,-443.0
2015-06-09,-443.0
2015-06-10,-443.0
2015-06-11,-443.0
2015-06-12,-443.0
2015-06-15,-443.0
2015-06-16,-443.0
2015-06-17,-443.0
2015-06-18,-443.0
2015-06-19,-443.0
2015-06-22,-443.0
2015-06-23,-443.0
2015-06-24,-443.0
2015-06-25,-443.0
2015-06-26,-443.0
2015-06-29,-443.0
2015-06-30,-443.0
2015-07-01,-443.0
2015-07-02,-443.0
2015-07-03,-443.0
2015-07-06,-443.0
2015-07-07,-443.0
2015-07-08,-443.0
2015-07-10,-443.0
2015-07-13,-443.0
2015-07-14,-443.0
2015-07-15,-780.0
2015-07-16,-780.0
2015-07-17,-780.0
2015-07-20,-780.0
2015-07-21,-780.0
2015-07-22,-780.0
2015-07-23,-780.0
2015-07-24,-780.0
2015-07-27,-780.0
2015-07-28,-780.0
2015-07-29,-780.0
2015-07-30,-780.0
2015-07-31,-780.0
2015-08-03,-780.0
2015-08-04,-780.0
2015-08-05,-780.0
2015-08-06,-780.0
2015-08-07,-780.0
2015-08-10,-780.0
2015-08-11,-780.0
2015-08-12,-780.0
2015-08-13,-780.0
2015-08-14,-780.0
2015-08-17,-780.0
2015-08-18,-780.0
2015-08-19,-780.0
2015-08-20,-780.0
2015-08-21,-780.0
2015-08-24,-780.0
2015-08-25,-780.0
2015-08-26,-780.0
2015-08-27,897.0
2015-08-28,336.0
2015-08-31,336.0
2015-09-01,336.0
2015-09-02,336.0
2015-09-03,336.0
2015-09-04,336.0
2015-09-08,336.0
2015-09-09,336.0
2015-09-10,336.0
2015-09-11,336.0
2015-09-14,336.0
2015-09-15,336.0
2015-09-16,336.0
2015-09-17,336.0
2015-09-18,336.0
2015-09-21,336.0
2015-09-22,336.0
2015-09-23,336.0
2015-09-24,336.0
2015-09-25,336.0
2015-09-28,336.0
2015-09-29,336.0
2015-09-30,336.0
2015-10-01,336.0
2015-10-02,336.0
2015-10-05,336.0
2015-10-06,473.0
2015-10-07,1652.0
2015-10-08,1845.0
2015-10-09,2076.0
2015-10-13,101.0
2015-10-14,101.0
2015-10-15,101.0
2015-10-16,101.0
2015-10-19,101.0
2015-10-20,-269.0
2015-10-21,-269.0
2015-10-22,-269.0
2015-10-23,-269.0
2015-10-26,-269.0
2015-10-27,-269.0
2015-10-28,-269.0
2015-10-29,-269.0
2015-10-30,-269.0
2015-11-03,-269.0
2015-11-04,-269.0
2015-11-05,-269.0
2015-11-06,-269.0
2015-11-09,-269.0
2015-11-10,-269.0
2015-11-11,-269.0
2015-11-12,-269.0
2015-11-13,-269.0
2015-11-16,-269.0
2015-11-17,-269.0
2015-11-18,-269.0
2015-11-19,434.0
2015-11-23,445.0
2015-11-24,579.0
2015-11-25,-838.0
2015-11-26,-838.0
2015-11-27,-2111.0
2015-11-30,-2111.0
2015-12-01,-2111.0
2015-12-02,-2111.0
2015-12-03,-2111.0
2015-12-04,-2111.0
2015-12-07,-2111.0
2015-12-08,-2111.0
2015-12-09,-2111.0
2015-12-10,-2111.0
2015-12-11,-2111.0
2015-12-14,-2111.0
2015-12-15,-2111.0
2015-12-16,-2111.0
2015-12-17,-2111.0
2015-12-18,-3461.0
2015-12-21,-3461.0
2015-12-22,-3461.0
2015-12-23,-3461.0
2015-12-28,-3712.0
2015-12-29,-3712.0
2015-12-30,-3712.0
2016-01-04,-3712.0
2016-01-05,-3712.0
2016-01-06,-3712.0
2016-01-07,-3712.0
2016-01-08,-3712.0
2016-01-11,-3712.0
2016-01-12,-3712.0
2016-01-13,-3712.0
2016-01-14,-3712.0
2016-01-15,-3712.0
2016-01-18,-3712.0
2016-01-19,-3712.0
2016-01-20,-3712.0
2016-01-21,-3712.0
2016-01-22,-3712.0
2016-01-26,-3712.0
2016-01-27,-3712.0
2016-01-28,-3712.0
2016-01-29,-3712.0
2016-02-01,-3548.0
2016-02-02,-5522.0
2016-02-03,-5522.0
2016-02-04,-5522.0
2016-02-05,-5752.0
2016-02-10,-5752.0
2016-02-11,-5752.0
2016-02-12,-5752.0
2016-02-15,-5752.0
2016-02-16,-5752.0
2016-02-17,-5069.0
2016-02-18,-5222.0
2016-02-19,-5222.0
2016-02-22,-5222.0
2016-02-23,-5936.0
2016-02-24,-5936.0
2016-02-25,-5936.0
2016-02-26,-5936.0
2016-02-29,-5936.0
2016-03-01,-5936.0
2016-03-02,-5936.0
2016-03-03,-5936.0
2016-03-04,-5936.0
2016-03-07,-5936.0
2016-03-08,-6080.0
2016-03-09,-6080.0
2016-03-10,-6080.0
2016-03-11,-6080.0
2016-03-14,-6080.0
2016-03-15,-6080.0
2016-03-16,-6080.0
2016-03-17,-6080.0
2016-03-18,-6080.0
2016-03-21,-6080.0
2016-03-22,-6242.0
2016-03-23,-6242.0
2016-03-24,-6242.0
2016-03-28,-6242.0
2016-03-29,-6242.0
2016-03-30,-6242.0
2016-03-31,-6242.0
2016-04-01,-6242.0
2016-04-04,-6242.0
2016-04-05,-6242.0
2016-04-06,-7200.0
2016-04-07,-7200.0
2016-04-08,-7200.0
2016-04-11,-7200.0
2016-04-12,-7200.0
2016-04-13,-7200.0
2016-04-14,-7939.0
2016-04-15,-7939.0
2016-04-18,-7939.0
2016-04-19,-7939.0
2016-04-20,-7939.0
2016-04-22,-7939.0
2016-04-25,-7939.0
2016-04-26,-7939.0
2016-04-27,-7939.0
2016-04-28,-7939.0
2016-04-29,-7939.0
2016-05-02,-7939.0
2016-05-03,-7939.0
2016-05-04,-7939.0
2016-05-05,-7939.0
2016-05-06,-7939.0
2016-05-09,-7939.0
2016-05-10,-7939.0
2016-05-11,-7939.0
2016-05-12,-7939.0
2016-05-13,-7939.0
2016-05-16,-7939.0
2016-05-17,-7939.0
2016-05-18,-7939.0
2016-05-19,-7939.0
2016-05-20,-7939.0
2016-05-23,-7939.0
2016-05-24,-7939.0
2016-05-25,-7939.0
2016-05-27,-7939.0
2016-05-30,-7939.0
2016-05-31,-7939.0
2016-06-01,-7939.0
2016-06-02,-7939.0
2016-06-03,-7939.0
2016-06-06,-8126.0
2016-06-07,-8126.0
2016-06-08,-8126.0
2016-06-09,-8126.0
2016-06-10,-8126.0
2016-06-13,-8126.0
2016-06-14,-8126.0
2016-06-15,-8126.0
2016-06-16,-8126.0
2016-06-17,-8004.0
2016-06-20,-7209.0
2016-06-21,-7209.0
2016-06-22,-7891.0
2016-06-23,-7891.0
2016-06-24,-9346.0
2016-06-27,-9346.0
2016-06-28,-9346.0
2016-06-29,-9346.0
2016-06-30,-9346.0
2016-07-01,-9346.0
2016-07-04,-9346.0
2016-07-05,-10073.0
2016-07-06,-10073.0
2016-07-07,-10073.0
2016-07-08,-8947.0
2016-07-11,-8128.0
2016-07-12,-7832.0
2016-07-13,-7490.0
2016-07-14,-6607.0
2016-07-15,-6510.0
2016-07-18,-5604.0
2016-07-19,-5390.0
2016-07-20,-5510.0
2016-07-21,-5510.0
2016-07-22,-5149.0
2016-07-25,-5278.0
2016-07-26,-5278.0
2016-07-27,-5278.0
2016-07-28,-5278.0
2016-07-29,-5278.0
2016-08-01,-5278.0
2016-08-02,-5278.0
2016-08-03,-5278.0
2016-08-04,-5278.0
2016-08-05,-5211.0
2016-08-08,-5237.0
2016-08-09,-5237.0
2016-08-10,-5237.0
2016-08-11,-5237.0
2016-08-12,-5237.0
2016-08-15,-5237.0
2016-08-16,-5237.0
2016-08-17,-5237.0
2016-08-18,-5237.0
2016-08-19,-5237.0
2016-08-22,-5237.0
2016-08-23,-5237.0
2016-08-24,-5237.0
2016-08-25,-5237.0
2016-08-26,-5237.0
2016-08-29,-5237.0
2016-08-30,-5237.0
2016-08-31,-5237.0
2016-09-01,-5237.0
2016-09-02,-5237.0
2016-09-05,-5237.0
2016-09-06,-5237.0
2016-09-08,-5237.0
2016-09-09,-5237.0
2016-09-12,-5237.0
2016-09-13,-5237.0
2016-09-14,-5237.0
2016-09-15,-5237.0
2016-09-16,-5237.0
2016-09-19,-5237.0
2016-09-20,-5237.0
2016-09-21,-5237.0
2016-09-22,-4637.0
2016-09-23,-4934.0
2016-09-26,-4934.0
2016-09-27,-4934.0
2016-09-28,-4934.0
2016-09-29,-5939.0
2016-09-30,-5939.0
2016-10-03,-5939.0
2016-10-04,-5939.0
2016-10-05,-5939.0
2016-10-06,-5939.0
2016-10-07,-5474.0
2016-10-10,-4915.0
2016-10-11,-5561.0
2016-10-13,-5561.0
2016-10-14,-5561.0
2016-10-17,-4632.0
2016-10-18,-3546.0
2016-10-19,-3822.0
2016-10-20,-3822.0
2016-10-21,-3822.0
2016-10-24,-3870.0
2016-10-25,-3870.0
2016-10-26,-3870.0
2016-10-27,-3870.0
2016-10-28,-3870.0
2016-10-31,-3870.0
2016-11-01,-5469.0
2016-11-03,-5469.0
2016-11-04,-5469.0
2016-11-07,-5469.0
2016-11-08,-5469.0
2016-11-09,-5469.0
2016-11-10,-5469.0
2016-11-11,-5469.0
2016-11-14,-5469.0
2016-11-16,-5469.0
2016-11-17,-5469.0
2016-11-18,-5469.0
2016-11-21,-5469.0
2016-11-22,-5469.0
2016-11-23,-5437.0
2016-11-24,-6027.0
2016-11-25,-6027.0
2016-11-28,-6027.0
2016-11-29,-7895.0
2016-11-30,-7895.0
2016-12-01,-10294.0
2016-12-02,-10294.0
2016-12-05,-10294.0
2016-12-06,-10294.0
2016-12-07,-9968.0
2016-12-08,-9968.0
2016-12-09,-9968.0
2016-12-12,-9968.0
2016-12-13,-9968.0
2016-12-14,-9968.0
2016-12-15,-9968.0
2016-12-16,-9968.0
2016-12-19,-9968.0
2016-12-20,-9968.0
2016-12-21,-9968.0
2016-12-22,-10360.0
2016-12-23,-10360.0
2016-12-26,-10360.0
2016-12-27,-10360.0
2016-12-28,-9275.0
2016-12-29,-8830.0
2017-01-02,-9468.0
2017-01-03,-9468.0
2017-01-04,-9468.0
2017-01-05,-9468.0
2017-01-06,-9874.0
2017-01-09,-9874.0
2017-01-10,-9874.0
2017-01-11,-9874.0
2017-01-12,-8366.0
2017-01-13,-8668.0
2017-01-16,-8668.0
2017-01-17,-8668.0
2017-01-18,-8872.0
2017-01-19,-8872.0
2017-01-20,-8872.0
2017-01-23,-8872.0
2017-01-24,-8872.0
2017-01-26,-8521.0
2017-01-27,-8678.0
2017-01-30,-8678.0
2017-01-31,-8678.0
2017-02-01,-8678.0
2017-02-02,-8936.0
2017-02-03,-8936.0
2017-02-06,-8936.0
2017-02-07,-8936.0
2017-02-08,-8936.0
2017-02-09,-8936.0
2017-02-10,-7776.0
2017-02-13,-6933.0
2017-02-14,-7188.0
2017-02-15,-7188.0
2017-02-16,-7350.0
2017-02-17,-7350.0
2017-02-20,-7350.0
2017-02-21,-7350.0
2017-02-22,-7350.0
2017-02-23,-7350.0
2017-02-24,-7350.0
2017-03-01,-7350.0
2017-03-02,-7350.0
2017-03-03,-7350.0
2017-03-06,-7350.0
2017-03-07,-7350.0
2017-03-08,-7350.0
2017-03-09,-7350.0
2017-03-10,-7350.0
2017-03-13,-7350.0
2017-03-14,-7350.0
2017-03-15,-7350.0
2017-03-16,-7350.0
2017-03-17,-7350.0
2017-03-20,-7350.0
2017-03-21,-7350.0
2017-03-22,-7350.0
2017-03-23,-7350.0
2017-03-24,-7350.0
2017-03-27,-6896.0
2017-03-28,-6564.0
2017-03-29,-5676.0
2017-03-30,-5938.0
2017-03-31,-5938.0
2017-04-03,-5938.0
2017-04-04,-5938.0
2017-04-05,-5938.0
2017-04-06,-5938.0
2017-04-07,-5938.0
2017-04-10,-5938.0
2017-04-11,-5938.0
2017-04-12,-5938.0
2017-04-13,-5938.0
2017-04-17,-5938.0
2017-04-18,-5938.0
2017-04-19,-5938.0
2017-04-20,-5938.0
2017-04-24,-5938.0
2017-04-25,-5938.0
2017-04-26,-6224.0
2017-04-27,-6224.0
2017-04-28,-6224.0
2017-05-02,-6224.0
2017-05-03,-6852.0
2017-05-04,-6852.0
2017-05-05,-6852.0
2017-05-08,-6852.0
2017-05-09,-6852.0
2017-05-10,-6852.0
2017-05-11,-6664.0
2017-05-12,-5980.0
2017-05-15,-5980.0
2017-05-16,-5770.0
2017-05-17,-6914.0
2017-05-18,-6914.0
2017-05-19,-6914.0
2017-05-22,-6914.0
2017-05-23,-6914.0
2017-05-24,-6914.0
2017-05-25,-6914.0
2017-05-26,-6914.0
2017-05-29,-6914.0
2017-05-30,-6914.0
2017-05-31,-6914.0
2017-06-01,-6914.0
2017-06-02,-6914.0
2017-06-05,-6914.0
2017-06-06,-6914.0
2017-06-07,-6914.0
2017-06-08,-6914.0
2017-06-09,-6914.0
2017-06-12,-6914.0
2017-06-13,-6914.0
2017-06-14,-6914.0
2017-06-16,-6914.0
2017-06-19,-6914.0
2017-06-20,-6914.0
2017-06-21,-6914.0
2017-06-22,-6914.0
2017-06-23,-6914.0
2017-06-26,-6914.0
2017-06-27,-6914.0
2017-06-28,-6914.0
2017-06-29,-6914.0
2017-06-30,-6914.0
2017-07-03,-6534.0
2017-07-04,-6582.0
2017-07-05,-6582.0
2017-07-06,-6582.0
2017-07-07,-6582.0
2017-07-10,-6582.0
2017-07-11,-6582.0
2017-07-12,-6582.0
2017-07-13,-6582.0
2017-07-14,-6582.0
2017-07-17,-6582.0
2017-07-18,-6582.0
2017-07-19,-6740.0
2017-07-20,-6740.0
2017-07-21,-6740.0
2017-07-24,-6740.0
2017-07-25,-6740.0
2017-07-26,-6740.0
2017-07-27,-6740.0
2017-07-28,-6740.0
2017-07-31,-6740.0
2017-08-01,-6144.0
2017-08-02,-5524.0
2017-08-03,-5883.0
2017-08-04,-5883.0
2017-08-07,-5883.0
2017-08-08,-5924.0
2017-08-09,-5924.0
2017-08-10,-5924.0
2017-08-11,-5924.0
2017-08-14,-5924.0
2017-08-15,-5924.0
2017-08-16,-5685.0
2017-08-17,-6302.0
2017-08-18,-6302.0
2017-08-21,-6302.0
2017-08-22,-6302.0
2017-08-23,-5835.0
2017-08-24,-5180.0
2017-08-25,-5239.0
2017-08-28,-5239.0
2017-08-29,-5239.0
2017-08-30,-5239.0
2017-08-31,-5239.0
2017-09-01,-5239.0
2017-09-04,-5239.0
2017-09-05,-5239.0
2017-09-06,-5239.0
2017-09-08,-5572.0
2017-09-11,-5572.0
2017-09-12,-5572.0
2017-09-13,-5323.0
2017-09-14,-5454.0
2017-09-15,-5454.0
2017-09-18,-5454.0
2017-09-19,-5454.0
2017-09-20,-5454.0
2017-09-21,-5854.0
2017-09-22,-5854.0
2017-09-25,-5854.0
2017-09-26,-5854.0
2017-09-27,-5854.0
2017-09-28,-5854.0
2017-09-29,-5854.0
2017-10-02,-5854.0
2017-10-03,-5854.0
2017-10-04,-5854.0
2017-10-05,-5854.0
2017-10-06,-5854.0
2017-10-09,-5854.0
2017-10-10,-5854.0
2017-10-11,-5854.0
2017-10-13,-5854.0
2017-10-16,-5854.0
2017-10-17,-5854.0
2017-10-18,-5854.0
2017-10-19,-5854.0
2017-10-20,-5854.0
2017-10-23,-5854.0
2017-10-24,-5854.0
2017-10-25,-5854.0
2017-10-26,-5854.0
2017-10-27,-5854.0
2017-10-30,-5854.0
2017-10-31,-5854.0
2017-11-01,-5854.0
2017-11-03,-5854.0
2017-11-06,-5854.0
2017-11-07,-5854.0
2017-11-08,-5854.0
2017-11-09,-5854.0
2017-11-10,-5854.0
2017-11-13,-5854.0
2017-11-14,-5854.0
2017-11-16,-5854.0
2017-11-17,-5854.0
2017-11-21,-5854.0
2017-11-22,-5930.0
2017-11-23,-5930.0
2017-11-24,-5930.0
2017-11-27,-5930.0
2017-11-28,-5930.0
2017-11-29,-5930.0
2017-11-30,-5930.0
2017-12-01,-5930.0
2017-12-04,-5930.0
2017-12-05,-5930.0
2017-12-06,-5930.0
2017-12-07,-5930.0
2017-12-08,-5930.0
2017-12-11,-5930.0
2017-12-12,-5930.0
2017-12-13,-6830.0
2017-12-14,-6830.0
2017-12-15,-6830.0
2017-12-18,-6830.0
2017-12-19,-6830.0
2017-12-20,-6830.0
2017-12-21,-6830.0
2017-12-22,-6830.0
2017-12-26,-6830.0
2017-12-27,-6445.0
2017-12-28,-6116.0
2017-12-29,-6116.0
2018-01-02,-6116.0
2018-01-03,-6012.0
2018-01-04,-5360.0
2018-01-05,-4936.0
2018-01-08,-4628.0
2018-01-09,-5143.0
2018-01-10,-5143.0
2018-01-11,-5143.0
2018-01-12,-5143.0
2018-01-15,-5143.0
2018-01-16,-5143.0
2018-01-17,-5143.0
2018-01-18,-5143.0
2018-01-19,-5143.0
2018-01-22,-5143.0
2018-01-23,-6140.0
2018-01-24,-6140.0
2018-01-26,-4289.0
2018-01-29,-5122.0
2018-01-30,-5122.0
2018-01-31,-5122.0
2018-02-01,-5122.0
2018-02-02,-5122.0
2018-02-05,-5122.0
2018-02-06,-5122.0
2018-02-07,-5122.0
2018-02-08,-5122.0
2018-02-09,-5122.0
2018-02-14,-5122.0
2018-02-15,-5122.0
2018-02-16,-5122.0
2018-02-19,-4854.0
2018-02-20,-3843.0
2018-02-21,-3843.0
2018-02-22,-3209.0
2018-02-23,-2602.0
2018-02-26,-2242.0
2018-02-27,-2960.0
2018-02-28,-2960.0
2018-03-01,-2960.0
2018-03-02,-2960.0
2018-03-05,-2960.0
2018-03-06,-2960.0
2018-03-07,-2960.0
2018-03-08,-2960.0
2018-03-09,-2960.0
2018-03-12,-2960.0
2018-03-13,-2960.0
2018-03-14,-2960.0
2018-03-15,-2960.0
2018-03-16,-2960.0
2018-03-19,-2960.0
2018-03-20,-2960.0
2018-03-21,-2960.0
2018-03-22,-2960.0
2018-03-23,-2960.0
2018-03-26,-2960.0
2018-03-27,-2960.0
2018-03-28,-2960.0
2018-03-29,-2960.0
2018-04-02,-3660.0
2018-04-03,-3660.0
2018-04-04,-3660.0
2018-04-05,-3660.0
2018-04-06,-3660.0
2018-04-09,-3660.0
2018-04-10,-3660.0
2018-04-11,-3660.0
2018-04-12,-3660.0
2018-04-13,-4770.0
2018-04-16,-4770.0
2018-04-17,-4770.0
2018-04-18,-4770.0
2018-04-19,-4722.0
2018-04-20,-4996.0
2018-04-23,-4996.0
2018-04-24,-4996.0
2018-04-25,-4996.0
2018-04-26,-4996.0
2018-04-27,-4996.0
2018-04-30,-4996.0
2018-05-02,-4996.0
2018-05-03,-4996.0
2018-05-04,-4996.0
2018-05-07,-4996.0
2018-05-08,-4996.0
2018-05-09,-4996.0
2018-05-10,-4996.0
2018-05-11,-4996.0
2018-05-14,-4996.0
2018-05-15,-4996.0
2018-05-16,-4996.0
2018-05-17,-7911.0
2018-05-18,-7911.0
2018-05-21,-7911.0
2018-05-22,-7911.0
2018-05-23,-7911.0
2018-05-24,-7911.0
2018-05-25,-7911.0
2018-05-28,-7911.0
2018-05-29,-7911.0
2018-05-30,-7911.0
2018-06-01,-7911.0
2018-06-04,-7911.0
2018-06-05,-7911.0
2018-06-06,-7911.0
2018-06-07,-7911.0
2018-06-08,-7911.0
2018-06-11,-7911.0
2018-06-12,-7911.0
2018-06-13,-7911.0
2018-06-14,-7911.0
2018-06-15,-7911.0
2018-06-18,-7911.0
2018-06-19,-7911.0
2018-06-20,-7911.0
2018-06-21,-7911.0
2018-06-22,-7911.0
2018-06-25,-7911.0
2018-06-26,-7911.0
2018-06-27,-8707.0
2018-06-28,-8707.0
2018-06-29,-7711.0
2018-07-02,-7634.0
2018-07-03,-6806.0
2018-07-04,-5731.0
2018-07-05,-5921.0
2018-07-06,-5921.0
2018-07-10,-5921.0
2018-07-11,-5921.0
2018-07-12,-5921.0
2018-07-13,-5921.0
2018-07-16,-5921.0
2018-07-17,-5921.0
2018-07-18,-5921.0
2018-07-19,-5921.0
2018-07-20,-5921.0
2018-07-23,-6496.0
2018-07-24,-6496.0
2018-07-25,-5433.0
2018-07-26,-6246.0
2018-07-27,-6246.0
2018-07-30,-6246.0
2018-07-31,-7302.0
2018-08-01,-7302.0
2018-08-02,-7302.0
2018-08-03,-5504.0
2018-08-06,-5888.0
2018-08-07,-5888.0
2018-08-08,-5888.0
2018-08-09,-5888.0
2018-08-10,-5888.0
2018-08-13,-5888.0
2018-08-14,-5888.0
2018-08-15,-5888.0
2018-08-16,-5888.0
2018-08-17,-5888.0
2018-08-20,-5888.0
2018-08-21,-5888.0
2018-08-22,-5888.0
2018-08-23,-5888.0
2018-08-24,-5888.0
2018-08-27,-5888.0
2018-08-28,-5888.0
2018-08-29,-5888.0
2018-08-30,-5888.0
2018-08-31,-5888.0
2018-09-03,-5888.0
2018-09-04,-5888.0
2018-09-05,-5888.0
2018-09-06,-5888.0
2018-09-10,-5888.0
2018-09-11,-7667.0
2018-09-12,-7667.0
2018-09-13,-7667.0
2018-09-14,-7667.0
2018-09-17,-7667.0
2018-09-18,-6142.0
2018-09-19,-6287.0
2018-09-20,-6287.0
2018-09-21,-6287.0
2018-09-24,-6287.0
2018-09-25,-6287.0
2018-09-26,-6287.0
2018-09-27,-6287.0
2018-09-28,-6287.0
2018-10-01,-6287.0
2018-10-02,-6287.0
2018-10-03,-6287.0
2018-10-04,-6287.0
2018-10-05,-6287.0
2018-10-08,-6287.0
2018-10-09,-6287.0
2018-10-10,-6287.0
2018-10-11,-6287.0
2018-10-15,-6287.0
2018-10-16,-6287.0
2018-10-17,-6287.0
2018-10-18,-8204.0
2018-10-19,-8204.0
2018-10-22,-8204.0
2018-10-23,-8204.0
2018-10-24,-8204.0
2018-10-25,-8204.0
2018-10-26,-8204.0
2018-10-29,-8204.0
2018-10-30,-8204.0
2018-10-31,-8204.0
2018-11-01,-7209.0
2018-11-05,-7209.0
2018-11-06,-8138.0
2018-11-07,-8138.0
2018-11-08,-8138.0
2018-11-09,-8138.0
2018-11-12,-8138.0
2018-11-13,-8138.0
2018-11-14,-8138.0
2018-11-16,-8138.0
2018-11-19,-8138.0
2018-11-21,-8138.0
2018-11-22,-8138.0
2018-11-23,-8138.0
2018-11-26,-8138.0
2018-11-27,-8138.0
2018-11-28,-8138.0
2018-11-29,-8138.0
2018-11-30,-8138.0
2018-12-03,-8138.0
2018-12-04,-8138.0
2018-12-05,-8138.0
2018-12-06,-8138.0
2018-12-07,-8138.0
2018-12-10,-8138.0
2018-12-11,-8138.0
2018-12-12,-8138.0
2018-12-13,-8138.0
2018-12-14,-8526.0
2018-12-17,-8526.0
2018-12-18,-8526.0
2018-12-19,-8526.0
2018-12-20,-8526.0
2018-12-21,-8526.0
2018-12-26,-8526.0
2018-12-27,-8526.0
2018-12-28,-8526.0
2019-01-02,-8526.0
2019-01-03,-7974.0
2019-01-04,-7697.0
2019-01-07,-7839.0
2019-01-08,-7839.0
2019-01-09,-6258.0
2019-01-10,-6065.0
2019-01-11,-6213.0
2019-01-14,-6213.0
2019-01-15,-6213.0
2019-01-16,-6213.0
2019-01-17,-6213.0
2019-01-18,-5467.0
2019-01-21,-5554.0
2019-01-22,-5554.0
2019-01-23,-5554.0
2019-01-24,-5554.0
2019-01-28,-5554.0
2019-01-29,-5554.0
2019-01-30,-5554.0
2019-01-31,-5554.0
2019-02-01,-5554.0
2019-02-04,-4826.0
2019-02-05,-5104.0
2019-02-06,-5104.0
2019-02-07,-5104.0
2019-02-08,-5104.0
2019-02-11,-5104.0
2019-02-12,-5104.0
2019-02-13,-5104.0
2019-02-14,-5104.0
2019-02-15,-5104.0
2019-02-18,-5104.0
2019-02-19,-5104.0
2019-02-20,-5104.0
2019-02-21,-5104.0
2019-02-22,-5104.0
2019-02-25,-5104.0
2019-02-26,-5104.0
2019-02-27,-5104.0
2019-02-28,-5104.0
2019-03-01,-5104.0
2019-03-06,-5104.0
2019-03-07,-5104.0
2019-03-08,-5104.0
2019-03-11,-5104.0
2019-03-12,-5104.0
2019-03-13,-5104.0
2019-03-14,-5104.0
2019-03-15,-5104.0
2019-03-18,-4247.0
2019-03-19,-4653.0
2019-03-20,-4653.0
2019-03-21,-4653.0
2019-03-22,-4653.0
2019-03-25,-4653.0
2019-03-26,-4653.0
2019-03-27,-4653.0
2019-03-28,-4653.0
2019-03-29,-4653.0
2019-04-01,-4653.0
2019-04-02,-5320.0
2019-04-03,-5320.0
2019-04-04,-5320.0
2019-04-05,-5320.0
2019-04-08,-5320.0
2019-04-09,-6397.0
2019-04-10,-6397.0
2019-04-11,-6397.0
2019-04-12,-6397.0
2019-04-15,-6397.0
2019-04-16,-6397.0
2019-04-17,-6397.0
2019-04-18,-6397.0
2019-04-22,-6397.0
2019-04-23,-6397.0
2019-04-24,-7275.0
2019-04-25,-7275.0
2019-04-26,-7591.0
2019-04-29,-7591.0
2019-04-30,-7591.0
2019-05-02,-7591.0
2019-05-03,-7591.0
2019-05-06,-7591.0
2019-05-07,-7591.0
2019-05-08,-7591.0
2019-05-09,-7591.0
2019-05-10,-7591.0
2019-05-13,-7591.0
2019-05-14,-7591.0
2019-05-15,-7591.0
2019-05-16,-7591.0
2019-05-17,-7591.0
2019-05-20,-7591.0
2019-05-21,-7591.0
2019-05-22,-7591.0
2019-05-23,-7591.0
2019-05-24,-7591.0
2019-05-27,-7591.0
2019-05-28,-7591.0
2019-05-29,-7591.0
2019-05-30,-6701.0
2019-05-31,-7128.0
2019-06-03,-7128.0
2019-06-04,-7128.0
2019-06-05,-7128.0
2019-06-06,-7128.0
2019-06-07,-7128.0
2019-06-10,-7128.0
2019-06-11,-7128.0
2019-06-12,-7128.0
2019-06-13,-7128.0
2019-06-14,-7128.0
2019-06-17,-7128.0
2019-06-18,-7128.0
2019-06-19,-7128.0
2019-06-21,-7128.0
2019-06-24,-7079.0
2019-06-25,-9048.0
2019-06-26,-9048.0
2019-06-27,-9048.0
2019-06-28,-8805.0
2019-07-01,-8432.0
2019-07-02,-9167.0
2019-07-03,-9167.0
2019-07-04,-9167.0
2019-07-05,-8714.0
2019-07-08,-8273.0
2019-07-10,-6986.0
2019-07-11,-7657.0
2019-07-12,-7657.0
2019-07-15,-7657.0
2019-07-16,-7657.0
2019-07-17,-7657.0
2019-07-18,-7657.0
2019-07-19,-7657.0
2019-07-22,-7657.0
2019-07-23,-7657.0
2019-07-24,-7657.0
2019-07-25,-7657.0
2019-07-26,-7657.0
2019-07-29,-6993.0
2019-07-30,-6993.0
2019-07-31,-6993.0
2019-08-01,-6993.0
2019-08-02,-6993.0
2019-08-05,-6993.0
2019-08-06,-6993.0
2019-08-07,-6993.0
2019-08-08,-5660.0
2019-08-09,-5660.0
2019-08-12,-5660.0
2019-08-13,-5660.0
2019-08-14,-5660.0
2019-08-15,-5660.0
2019-08-16,-5660.0
2019-08-19,-5660.0
2019-08-20,-5660.0
2019-08-21,-5660.0
2019-08-22,-5660.0
2019-08-23,-5660.0
2019-08-26,-5660.0
2019-08-27,-5660.0
2019-08-28,-5660.0
2019-08-29,-5660.0
2019-08-30,-5049.0
2019-09-02,-5558.0
2019-09-03,-5558.0
2019-09-04,-5558.0
2019-09-05,-5558.0
2019-09-06,-4866.0
2019-09-09,-4620.0
2019-09-10,-4769.0
2019-09-11,-4769.0
2019-09-12,-4769.0
2019-09-13,-5639.0
2019-09-16,-5639.0
2019-09-17,-4702.0
2019-09-18,-4787.0
2019-09-19,-4787.0
2019-09-20,-4787.0
2019-09-23,-4787.0
2019-09-24,-4787.0
2019-09-25,-4787.0
2019-09-26,-4787.0
2019-09-27,-4787.0
2019-09-30,-4787.0
2019-10-01,-4787.0
2019-10-02,-4787.0
2019-10-03,-4787.0
2019-10-04,-4787.0
2019-10-07,-4787.0
2019-10-08,-4787.0
2019-10-09,-4787.0
2019-10-10,-4787.0
2019-10-11,-4787.0
2019-10-14,-4317.0
2019-10-15,-4129.0
2019-10-16,-3196.0
2019-10-17,-3196.0
2019-10-18,-3196.0
2019-10-21,-3196.0
2019-10-22,-3196.0
2019-10-23,-3196.0
2019-10-24,-3754.0
2019-10-25,-3754.0
2019-10-28,-3754.0
2019-10-29,-3754.0
2019-10-30,-3754.0
2019-10-31,-4942.0
2019-11-01,-4942.0
2019-11-04,-4942.0
2019-11-05,-4942.0
2019-11-06,-4942.0
2019-11-07,-4942.0
2019-11-08,-4942.0
2019-11-11,-4942.0
2019-11-12,-4942.0
2019-11-13,-4942.0
2019-11-14,-4942.0
2019-11-18,-4942.0
2019-11-19,-4942.0
2019-11-21,-4942.0
2019-11-22,-4942.0
2019-11-25,-4942.0
2019-11-26,-4942.0
2019-11-27,-4942.0
2019-11-28,-4942.0
2019-11-29,-4942.0
2019-12-02,-4942.0
2019-12-03,-5047.0
2019-12-04,-5047.0
2019-12-05,-5047.0
2019-12-06,-5047.0
2019-12-09,-5196.0
2019-12-10,-5196.0
2019-12-11,-5196.0
2019-12-12,-5196.0
2019-12-13,-5196.0
2019-12-16,-5865.0
2019-12-17,-5865.0
2019-12-18,-5865.0
2019-12-19,-5865.0
2019-12-20,-5875.0
2019-12-23,-5133.0
2019-12-26,-3793.0
2019-12-27,-3793.0
2019-12-30,-3793.0
2020-01-02,-3793.0
2020-01-03,-3793.0
2020-01-06,-3793.0
2020-01-07,-3793.0
2020-01-08,-3793.0
2020-01-09,-3793.0
2020-01-10,-3793.0
2020-01-13,-3793.0
2020-01-14,-3793.0
2020-01-15,-3793.0
2020-01-16,-3793.0
2020-01-17,-3793.0
2020-01-20,-3793.0
2020-01-21,-5629.0
2020-01-22,-5629.0
2020-01-23,-4492.0
2020-01-24,-5644.0
2020-01-27,-5644.0
2020-01-28,-5644.0
2020-01-29,-5644.0
2020-01-30,-5644.0
2020-01-31,-5644.0
2020-02-03,-5644.0
2020-02-04,-5644.0
2020-02-05,-5644.0
2020-02-06,-6482.0
2020-02-07,-6482.0
2020-02-10,-6482.0
2020-02-11,-6482.0
2020-02-12,-6482.0
2020-02-13,-6482.0
2020-02-14,-6482.0
2020-02-17,-6482.0
2020-02-18,-6482.0
2020-02-19,-6482.0
2020-02-20,-6482.0
2020-02-21,-6482.0
2020-02-26,-6482.0
2020-02-27,-6482.0
2020-02-28,-6482.0
2020-03-02,-6482.0
2020-03-03,-6482.0
2020-03-04,-6482.0
2020-03-05,-6482.0
2020-03-06,-6482.0
2020-03-09,-6482.0
2020-03-10,-6482.0
2020-03-11,-6482.0
2020-03-12,-6482.0
2020-03-13,-6482.0
2020-03-16,-6482.0
2020-03-17,-6482.0
2020-03-18,-6482.0
2020-03-19,-6482.0
2020-03-20,-6482.0
2020-03-23,-6482.0
2020-03-24,-6482.0
2020-03-25,-6482.0
2020-03-26,-6482.0
2020-03-27,-10763.0
2020-03-30,-10763.0
2020-03-31,-10763.0
2020-04-01,-10763.0
2020-04-02,-10763.0
2020-04-03,-10763.0
2020-04-06,-10763.0
2020-04-07,-10763.0
2020-04-08,-10763.0
2020-04-09,-11706.0
2020-04-13,-11706.0
2020-04-14,-11706.0
2020-04-15,-12793.0
2020-04-16,-12793.0
2020-04-17,-12793.0
2020-04-20,-12793.0
2020-04-22,-12793.0
2020-04-23,-12793.0
2020-04-24,-12793.0
2020-04-27,-12793.0
2020-04-28,-12793.0
2020-04-29,-10934.0
2020-04-30,-13599.0
2020-05-04,-13599.0
2020-05-05,-13599.0
2020-05-06,-13599.0
2020-05-07,-13599.0
2020-05-08,-13599.0
2020-05-11,-13599.0
2020-05-12,-13599.0
2020-05-13,-13599.0
2020-05-14,-13599.0
2020-05-15,-13599.0
2020-05-18,-13599.0
2020-05-18,-13599.0
2020-05-19,0.0
2020-05-20,577.0
2020-05-21,2285.0
2020-05-22,1431.0
2020-05-25,4921.0
2020-05-26,4727.0
2020-05-27,7204.0
2020-05-28,6207.0
2020-05-29,6661.0
2020-06-01,7878.0
2020-06-02,10304.0
2020-06-03,12260.0
2020-06-04,13087.0
2020-06-05,13895.0
2020-06-08,16903.0
2020-06-09,16005.0
2020-06-10,13944.0
2020-06-12,12053.0
2020-06-15,11634.0
2020-06-16,12789.0
2020-06-17,14805.0
2020-06-18,15383.0
2020-06-19,15830.0
2020-06-22,14594.0
2020-06-23,15233.0
2020-06-24,13635.0
2020-06-25,15241.0
2020-06-26,13092.0
2020-06-29,14993.0
2020-06-30,14314.0
2020-07-01,15461.0
2020-07-02,15493.0
2020-07-03,16023.0
2020-07-06,18195.0
2020-07-07,17019.0
2020-07-08,19028.0
2020-07-09,18418.0
2020-07-10,19290.0
2020-07-13,17955.0
2020-07-14,19698.0
2020-07-15,21049.0
2020-07-16,19811.0
2020-07-17,22146.0
2020-07-20,23684.0
2020-07-21,23568.0
2020-07-22,23548.0
2020-07-23,21551.0
2020-07-24,21640.0
2020-07-27,23735.0
2020-07-28,23367.0
2020-07-29,24863.0
2020-07-30,24267.0
2020-07-31,22170.0
2020-08-03,22088.0
2020-08-04,20474.0
2020-08-05,22060.0
2020-08-06,23384.0
2020-08-07,22034.0
2020-08-10,22702.0
2020-08-11,21432.0
2020-08-12,21376.0
2020-08-13,19719.0
2020-08-14,20611.0
2020-08-17,18853.0
2020-08-18,21323.0
2020-08-19,20112.0
2020-08-20,20726.0
2020-08-21,20779.0
2020-08-24,21556.0
2020-08-25,21376.0
2020-08-26,19885.0
2020-08-27,19882.0
2020-08-28,21401.0
2020-08-31,18627.0
2020-09-01,21426.0
2020-09-02,21169.0
2020-09-03,19979.0
2020-09-04,20500.0
2020-09-08,19308.0
2020-09-09,20550.0
2020-09-10,18093.0
2020-09-11,17621.0
2020-09-14,19533.0
2020-09-15,19556.0
2020-09-16,18934.0
2020-09-17,19356.0
2020-09-18,17548.0
2020-09-21,16249.0
2020-09-22,16552.0
2020-09-23,14993.0
2020-09-24,16270.0
2020-09-25,16257.0
2020-09-28,13924.0
2020-09-29,12838.0
2020-09-30,13861.0
2020-10-01,14737.0
2020-10-02,13274.0
2020-10-05,15347.0
2020-10-06,14873.0
2020-10-07,14784.0
2020-10-08,17178.0
2020-10-09,16741.0
2020-10-13,17761.0
2020-10-14,18592.0
2020-10-15,18312.0
2020-10-16,17567.0
2020-10-19,17916.0
2020-10-20,19798.0
2020-10-21,19810.0
2020-10-22,21176.0
2020-10-23,20518.0
2020-10-26,20275.0
2020-10-27,18864.0
2020-10-28,14627.0
2020-10-29,15840.0
2020-10-30,13210.0
2020-11-03,14845.0
2020-11-04,17069.0
2020-11-05,20032.0
2020-11-06,20057.0
2020-11-09,23171.0
2020-11-10,24609.0
2020-11-11,23790.0
2020-11-12,21433.0
2020-11-13,23770.0
2020-11-16,25688.0
2020-11-17,26487.0
2020-11-18,25741.0
2020-11-19,25775.0
2020-11-23,26637.0
2020-11-24,29044.0
2020-11-25,29391.0
2020-11-26,29485.0
2020-11-27,29833.0
2020-11-30,28146.0
2020-12-01,30593.0
2020-12-02,31072.0
2020-12-03,32177.0
2020-12-04,32940.0
2020-12-07,32883.0
2020-12-08,32829.0
2020-12-09,31980.0
2020-12-10,34250.0
2020-12-11,34581.0
2020-12-14,34233.0
2020-12-15,35404.0
2020-12-16,37205.0
2020-12-17,37415.0
2020-12-18,36937.0
2020-12-21,35274.0
2020-12-22,35606.0
2020-12-23,37115.0
2020-12-28,38309.0
2020-12-29,38733.0
2020-12-30,38564.0
2021-01-04,37816.0
2021-01-05,38481.0
2021-01-06,39109.0
2021-01-07,41214.0
2021-01-08,44335.0
2021-01-11,42065.0
2021-01-12,43256.0
2021-01-13,41298.0
2021-01-14,42739.0
2021-01-15,39760.0
2021-01-18,40500.0
2021-01-19,39931.0
2021-01-20,38966.0
2021-01-21,37701.0
2021-01-22,36430.0
2021-01-26,35722.0
2021-01-27,35140.0
2021-01-28,38572.0
2021-01-29,35265.0
2021-02-01,36623.0
2021-02-02,37492.0
2021-02-03,38983.0
2021-02-04,38519.0
2021-02-05,39183.0
2021-02-08,38774.0
2021-02-09,38687.0
2021-02-10,37688.0
2021-02-11,38493.0
2021-02-12,38374.0
2021-02-17,39649.0
2021-02-18,38398.0
2021-02-19,38006.0
2021-02-22,31926.0
2021-02-23,34485.0
2021-02-24,34926.0
2021-02-25,31514.0
2021-02-26,29293.0
2021-03-01,29593.0
2021-03-02,30798.0
2021-03-03,30442.0
2021-03-04,31948.0
2021-03-05,34460.0
2021-03-08,29870.0
2021-03-09,30589.0
2021-03-10,32034.0
2021-03-11,34242.0
2021-03-12,33418.0
2021-03-15,34109.0
2021-03-16,33277.0
2021-03-17,35807.0
2021-03-18,34093.0
2021-03-19,35480.0
2021-03-22,34237.0
2021-03-23,32520.0
2021-03-24,31322.0
2021-03-25,33008.0
2021-03-26,34039.0
2021-03-29,34677.0
2021-03-30,36108.0
2021-03-31,35892.0
2021-04-01,34511.0
2021-04-05,36776.0
2021-04-06,36757.0
2021-04-07,36882.0
2021-04-08,37571.0
2021-04-09,36928.0
2021-04-12,38070.0
2021-04-13,38555.0
2021-04-14,39553.0
2021-04-15,39959.0
2021-04-16,40372.0
2021-04-19,40192.0
2021-04-20,39320.0
2021-04-22,38629.0
2021-04-23,39788.0
2021-04-26,39853.0
2021-04-27,38646.0
2021-04-28,40311.0
2021-04-29,39324.0
2021-04-30,38152.0
2021-05-03,38467.0
2021-05-04,36970.0
2021-05-05,38822.0
2021-05-06,39179.0
2021-05-07,41296.0
2021-05-10,41167.0
2021-05-11,42222.0
2021-05-12,38968.0
2021-05-13,39964.0
2021-05-14,41139.0
2021-05-17,42196.0
2021-05-18,42238.0
2021-05-19,41894.0
2021-05-20,41959.0
2021-05-21,41850.0
2021-05-24,43290.0
2021-05-25,42246.0
2021-05-26,43247.0
2021-05-27,43625.0
2021-05-28,44819.0
2021-05-31,45474.0
2021-06-01,47525.0
2021-06-02,48859.0
2021-06-04,49384.0
2021-06-07,50034.0
2021-06-08,49045.0
2021-06-09,49165.0
2021-06-10,49334.0
2021-06-11,48699.0
2021-06-14,49466.0
2021-06-15,49349.0
2021-06-16,48517.0
2021-06-17,47315.0
2021-06-18,47663.0
2021-06-21,48523.0
2021-06-22,48025.0
2021-06-23,47686.0
2021-06-24,48772.0
2021-06-25,46514.0
2021-06-28,46687.0
2021-06-29,46585.0
2021-06-30,46060.0
2021-07-01,44924.0
2021-07-02,46880.0
2021-07-05,46178.0
2021-07-06,44353.0
2021-07-07,46277.0
2021-07-08,44686.0
2021-07-12,46852.0
2021-07-13,47426.0
2021-07-14,47665.0
2021-07-15,46726.0
2021-07-16,45218.0
2021-07-19,43653.0
2021-07-20,44659.0
2021-07-21,45187.0
2021-07-22,45405.0
2021-07-23,44311.0
2021-07-26,45262.0
2021-07-27,43870.0
2021-07-28,45544.0
2021-07-29,44933.0
2021-07-30,41059.0
2021-08-02,41774.0
2021-08-03,42835.0
2021-08-04,41059.0
2021-08-05,40891.0
2021-08-06,42068.0
2021-08-09,42277.0
2021-08-10,41460.0
2021-08-11,41314.0
2021-08-12,39959.0
2021-08-13,40452.0
2021-08-16,38438.0
2021-08-17,37162.0
2021-08-18,35901.0
2021-08-19,36423.0
2021-08-20,37311.0
2021-08-23,36730.0
2021-08-24,39469.0
2021-08-25,40076.0
2021-08-26,37982.0
2021-08-27,39936.0
2021-08-30,38998.0
2021-08-31,38039.0
2021-09-01,38654.0
2021-09-02,35935.0
2021-09-03,36191.0
2021-09-06,37127.0
2021-09-08,32671.0
2021-09-09,34619.0
2021-09-10,33544.0
2021-09-13,35662.0
2021-09-14,35439.0
2021-09-15,34321.0
2021-09-16,33052.0
2021-09-17,30697.0
2021-09-20,28102.0
2021-09-21,29508.0
2021-09-22,31540.0
2021-09-23,33322.0
2021-09-24,32541.0
2021-09-27,32841.0
2021-09-28,29382.0
2021-09-29,30365.0
2021-09-30,30237.0
2021-10-01,32158.0
2021-10-04,29651.0
2021-10-05,29716.0
2021-10-06,29818.0
2021-10-07,29843.0
2021-10-08,32091.0
2021-10-11,31438.0
2021-10-13,32714.0
2021-10-14,32443.0
2021-10-15,33906.0
2021-10-18,33686.0
2021-10-19,29931.0
2021-10-20,30044.0
2021-10-21,26993.0
2021-10-22,25554.0
2021-10-25,27973.0
2021-10-26,25678.0
2021-10-27,25621.0
2021-10-28,24963.0
2021-10-29,22759.0
2021-11-01,24809.0
2021-11-03,24875.0
2021-11-04,22670.0
2021-11-05,24082.0
2021-11-08,24039.0
2021-11-09,24793.0
2021-11-10,25226.0
2021-11-11,26983.0
2021-11-12,25570.0
2021-11-16,23766.0
2021-11-17,22203.0
2021-11-18,21782.0
2021-11-19,22293.0
2021-11-22,21380.0
2021-11-23,22921.0
2021-11-24,23772.0
2021-11-25,25069.0
2021-11-26,21482.0
2021-11-29,22072.0
2021-11-30,21173.0
2021-12-01,20033.0
2021-12-02,23724.0
2021-12-03,24328.0
2021-12-06,26117.0
2021-12-07,26816.0
2021-12-08,27354.0
2021-12-09,25549.0
2021-12-10,27016.0
2021-12-13,26641.0
2021-12-14,26018.0
2021-12-15,26628.0
2021-12-16,27470.0
2021-12-17,26459.0
2021-12-20,24278.0
2021-12-21,24758.0
2021-12-22,24502.0
2021-12-23,24149.0
2021-12-27,24789.0
2021-12-28,24122.0
2021-12-29,23365.0
2021-12-30,24080.0
2022-01-03,23180.0
2022-01-04,22772.0
2022-01-05,20264.0
2022-01-06,20819.0
2022-01-07,21977.0
2022-01-10,21203.0
2022-01-11,23037.0
2022-01-12,24944.0
2022-01-13,24788.0
2022-01-14,26186.0
2022-01-17,25950.0
2022-01-18,25780.0
2022-01-19,27271.0
2022-01-20,28360.0
2022-01-21,28200.0
2022-01-24,27010.0
2022-01-25,29103.0
2022-01-26,30831.0
2022-01-27,31573.0
2022-01-28,30736.0
2022-01-31,31646.0
2022-02-01,32405.0
2022-02-02,31419.0
2022-02-03,30954.0
2022-02-04,31503.0
2022-02-07,31254.0
2022-02-08,31492.0
2022-02-09,31719.0
2022-02-10,32617.0
2022-02-11,32830.0
2022-02-14,33065.0
2022-02-15,33918.0
2022-02-16,34439.0
2022-02-17,32786.0
2022-02-18,32026.0
2022-02-21,30983.0
2022-02-22,32150.0
2022-02-23,31266.0
2022-02-24,30850.0
2022-02-25,32400.0
2022-03-02,34432.0
2022-03-03,34424.0
2022-03-04,33732.0
2022-03-07,30851.0
2022-03-08,30461.0
2022-03-09,33158.0
2022-03-10,32921.0
2022-03-11,30971.0
2022-03-14,29186.0
2022-03-15,28217.0
2022-03-16,30370.0
2022-03-17,32334.0
2022-03-18,34569.0
2022-03-21,35413.0
2022-03-22,36530.0
2022-03-23,36715.0
2022-03-24,38311.0
2022-03-25,38339.0
2022-03-28,37996.0
2022-03-29,39272.0
2022-03-30,39518.0
2022-03-31,39257.0
2022-04-01,40828.0
2022-04-04,40538.0
2022-04-05,38143.0
2022-04-06,37486.0
2022-04-07,38120.0
2022-04-08,37580.0
2022-04-11,36211.0
2022-04-12,35405.0
2022-04-13,36040.0
2022-04-14,35440.0
2022-04-18,34945.0
2022-04-19,34315.0
2022-04-20,33602.0
2022-04-22,30336.0
2022-04-25,29943.0
2022-04-26,27471.0
2022-04-27,28607.0
2022-04-28,29177.0
2022-04-29,27134.0
2022-05-02,25897.0
2022-05-03,25786.0
2022-05-04,27602.0
2022-05-05,24562.0
2022-05-06,24393.0
2022-05-09,22508.0
2022-05-10,22368.0
2022-05-11,23655.0
2022-05-12,24946.0
2022-05-13,26182.0
2022-05-16,27491.0
2022-05-17,28047.0
2022-05-18,25505.0
2022-05-19,26263.0
2022-05-20,27746.0
2022-05-23,29604.0
2022-05-24,29839.0
2022-05-25,29838.0
2022-05-26,31148.0
2022-05-27,31200.0
2022-05-30,30290.0
2022-05-31,30609.0
2022-06-01,30618.0
2022-06-02,31651.0
2022-06-03,30360.0
2022-06-06,29444.0
2022-06-07,29328.0
2022-06-08,27626.0
2022-06-09,26352.0
2022-06-10,24739.0
2022-06-13,21856.0
2022-06-14,21321.0
2022-06-15,22065.0
2022-06-17,19083.0
2022-06-20,19111.0
2022-06-21,18943.0
2022-06-22,18780.0
2022-06-23,17338.0
2022-06-24,17930.0
2022-06-27,20022.0
2022-06-28,19849.0
2022-06-29,18880.0
2022-06-30,17800.0
2022-07-01,18212.0
2022-07-04,17867.0
2022-07-05,17553.0
2022-07-06,17977.0
2022-07-07,19988.0
2022-07-08,19547.0
2022-07-11,17470.0
2022-07-12,17529.0
2022-07-13,17139.0
2022-07-14,15379.0
2022-07-15,15809.0
2022-07-18,16174.0
2022-07-19,17503.0
2022-07-20,17545.0
2022-07-21,18291.0
2022-07-22,18183.0
2022-07-25,19528.0
2022-07-26,19030.0
2022-07-27,20696.0
2022-07-28,21855.0
2022-07-29,22423.0
2022-08-01,21483.0
2022-08-02,22620.0
2022-08-03,23033.0
2022-08-04,25150.0
2022-08-05,25730.0
2022-08-08,27660.0
2022-08-09,27909.0
2022-08-10,29494.0
2022-08-11,28976.0
2022-08-12,32022.0
2022-08-15,32290.0
2022-08-16,32770.0
2022-08-17,32966.0
2022-08-18,33071.0
2022-08-19,30754.0
2022-08-22,29759.0
2022-08-23,32115.0
2022-08-24,32156.0
2022-08-25,32790.0
2022-08-26,31557.0
2022-08-29,31581.0
2022-08-30,29689.0
2022-08-31,28781.0
2022-09-01,29663.0
2022-09-02,30122.0
2022-09-05,31461.0
2022-09-06,29022.0
2022-09-08,29174.0
2022-09-09,31558.0
2022-09-12,32665.0
2022-09-13,30052.0
2022-09-14,29805.0
2022-09-15,29212.0
2022-09-16,28538.0
2022-09-19,31082.0
2022-09-20,31775.0
2022-09-21,31194.0
2022-09-22,33328.0
2022-09-23,30974.0
2022-09-26,28372.0
2022-09-27,27634.0
2022-09-28,27709.0
2022-09-29,26922.0
2022-09-30,29295.0
2022-10-03,35392.0
2022-10-04,35488.0
2022-10-05,36456.0
2022-10-06,36819.0
2022-10-07,35633.0
2022-10-10,35199.0
2022-10-11,34085.0
2022-10-13,33558.0
2022-10-14,31330.0
2022-10-17,32882.0
2022-10-18,35001.0
2022-10-19,35532.0
2022-10-20,36429.0
2022-10-21,39187.0
2022-10-24,35271.0
2022-10-25,33884.0
2022-10-26,32022.0
2022-10-27,33899.0
2022-10-28,33797.0
2022-10-31,35295.0
2022-11-01,36187.0
2022-11-03,36154.0
2022-11-04,37413.0
2022-11-07,34600.0
2022-11-08,35418.0
2022-11-09,32838.0
2022-11-10,29033.0
2022-11-11,31511.0
2022-11-14,32419.0
2022-11-16,29501.0
2022-11-17,28961.0
2022-11-18,28138.0
2022-11-21,29006.0
2022-11-22,28295.0
2022-11-23,27941.0
2022-11-24,31089.0
2022-11-25,28235.0
2022-11-28,28040.0
2022-11-29,30168.0
2022-11-30,31744.0
2022-12-01,30184.0
2022-12-02,31182.0
2022-12-05,28659.0
2022-12-06,28791.0
2022-12-07,28619.0
2022-12-08,26503.0
2022-12-09,26947.0
2022-12-12,24522.0
2022-12-13,23150.0
2022-12-14,23061.0
2022-12-15,22996.0
2022-12-16,22083.0
2022-12-19,23788.0
2022-12-20,26237.0
2022-12-21,26571.0
2022-12-22,26575.0
2022-12-23,28956.0
2022-12-26,27996.0
2022-12-27,27605.0
2022-12-28,29495.0
2022-12-29,29289.0
2023-01-02,25634.0
2023-01-03,23424.0
2023-01-04,24592.0
2023-01-05,26776.0
2023-01-06,28094.0
2023-01-09,28485.0
2023-01-10,30170.0
2023-01-11,31021.0
2023-01-12,31135.0
2023-01-13,30174.0
2023-01-16,28471.0
2023-01-17,30697.0
2023-01-18,31710.0
2023-01-19,32264.0
2023-01-20,31559.0
2023-01-23,30967.0
2023-01-24,32286.0
2023-01-25,33453.0
2023-01-26,33367.0
2023-01-27,31760.0
2023-01-30,31146.0
2023-01-31,32790.0
2023-02-01,31561.0
2023-02-02,29193.0
2023-02-03,27748.0
2023-02-06,27714.0
2023-02-07,27178.0
2023-02-08,29140.0
2023-02-09,27041.0
2023-02-10,27408.0
2023-02-13,28104.0
2023-02-14,26917.0
2023-02-15,28700.0
2023-02-16,29163.0
2023-02-17,28561.0
2023-02-22,26410.0
2023-02-23,26978.0
2023-02-24,25131.0
2023-02-27,24969.0
2023-02-28,24190.0
2023-03-01,23643.0
2023-03-02,22584.0
2023-03-03,23124.0
2023-03-06,23958.0
2023-03-07,23486.0
2023-03-08,25798.0
2023-03-09,24329.0
2023-03-10,22876.0
2023-03-13,22379.0
2023-03-14,22190.0
2023-03-15,21933.0
2023-03-16,22693.0
2023-03-17,21240.0
2023-03-20,20181.0
2023-03-21,20256.0
2023-03-22,19479.0
2023-03-23,17184.0
2023-03-24,18087.0
2023-03-27,18928.0
2023-03-28,20443.0
2023-03-29,21051.0
2023-03-30,22971.0
2023-03-31,21140.0
2023-04-03,20764.0
2023-04-04,21127.0
2023-04-05,20236.0
2023-04-06,20080.0
2023-04-10,21105.0
2023-04-11,25472.0
2023-04-12,26148.0
2023-04-13,25716.0
2023-04-14,25537.0
2023-04-17,25274.0
2023-04-18,25421.0
2023-04-19,23171.0
2023-04-20,23625.0
2023-04-24,23205.0
2023-04-25,22478.0
2023-04-26,21570.0
2023-04-27,22181.0
2023-04-28,23690.0
2023-05-02,21185.0
2023-05-03,21055.0
2023-05-04,21432.0
2023-05-05,24406.0
2023-05-08,25300.0
2023-05-09,26372.0
2023-05-10,26706.0
2023-05-11,27514.0
2023-05-12,27722.0
2023-05-15,28287.0
2023-05-16,27452.0
2023-05-17,28718.0
2023-05-18,29366.0
2023-05-19,30003.0
2023-05-22,29471.0
2023-05-23,29187.0
2023-05-24,28058.0
2023-05-25,29312.0
2023-05-26,30164.0
2023-05-29,29591.0
2023-05-30,28225.0
2023-05-31,27593.0
2023-06-01,29823.0
2023-06-02,31816.0
2023-06-05,31954.0
2023-06-06,33868.0
2023-06-07,34746.0
2023-06-09,36277.0
2023-06-12,36594.0
2023-06-13,36001.0
2023-06-14,38327.0
2023-06-15,38479.0
2023-06-16,38016.0
2023-06-19,39116.0
2023-06-20,38880.0
2023-06-21,39678.0
2023-06-22,38192.0
2023-06-23,38235.0
2023-06-26,37501.0
2023-06-27,36781.0
2023-06-28,35939.0
2023-06-29,37641.0
2023-06-30,37345.0
2023-07-03,38931.0
2023-07-04,38334.0
2023-07-05,38807.0
2023-07-06,36684.0
2023-07-07,38156.0
2023-07-10,37200.0
2023-07-11,36478.0
2023-07-12,36924.0
2023-07-13,38522.0
2023-07-14,36969.0
2023-07-17,37477.0
2023-07-18,37099.0
2023-07-19,36810.0
2023-07-20,37341.0
2023-07-21,39475.0
2023-07-24,40600.0
2023-07-25,41266.0
2023-07-26,41818.0
2023-07-27,39248.0
2023-07-28,39445.0
2023-07-31,41201.0
2023-08-01,40506.0
2023-08-02,40117.0
2023-08-03,39844.0
2023-08-04,38766.0
2023-08-07,38638.0
2023-08-08,38348.0
2023-08-09,37667.0
2023-08-10,37608.0
2023-08-11,37323.0
2023-08-14,36068.0
2023-08-15,35429.0
2023-08-16,34850.0
2023-08-17,34240.0
2023-08-18,34667.0
2023-08-21,33687.0
2023-08-22,35414.0
2023-08-23,37393.0
2023-08-24,36284.0
2023-08-25,35095.0
2023-08-28,36379.0
2023-08-29,37662.0
2023-08-30,36793.0
2023-08-31,35000.0
2023-09-01,37151.0
2023-09-04,37035.0
2023-09-05,36589.0
2023-09-06,35243.0
2023-09-08,34571.0
2023-09-11,36141.0
2023-09-12,37226.0
2023-09-13,37434.0
2023-09-14,38650.0
2023-09-15,38016.0
2023-09-18,37546.0
2023-09-19,37104.0
2023-09-20,37953.0
2023-09-21,35403.0
2023-09-22,35267.0
2023-09-25,35183.0
2023-09-26,33451.0
2023-09-27,33585.0
2023-09-28,34989.0
2023-09-29,35823.0
2023-10-02,34315.0
2023-10-03,32677.0
2023-10-04,32865.0
2023-10-05,32542.0
2023-10-06,33428.0
2023-10-09,34414.0
2023-10-10,35995.0
2023-10-11,36309.0
2023-10-13,35012.0
2023-10-16,35792.0
2023-10-17,35166.0
2023-10-18,33318.0
2023-10-19,33262.0
2023-10-20,32413.0
2023-10-23,32043.0
2023-10-24,33020.0
2023-10-25,32088.0
2023-10-26,34035.0
2023-10-27,32559.0
2023-10-30,31790.0
2023-10-31,32402.0
2023-11-01,34311.0
2023-11-03,37418.0
2023-11-06,37745.0
2023-11-07,38526.0
2023-11-08,38357.0
2023-11-09,38270.0
2023-11-10,39894.0
2023-11-13,39634.0
2023-11-14,42586.0
2023-11-16,43834.0
2023-11-17,44320.0
2023-11-20,45353.0
2023-11-21,44865.0
2023-11-22,45293.0
2023-11-23,45834.0
2023-11-24,44800.0
2023-11-27,44941.0
2023-11-28,45796.0
2023-11-29,45359.0
2023-11-30,46589.0
2023-12-01,47361.0
2023-12-04,46061.0
2023-12-05,46161.0
2023-12-06,44881.0
2023-12-07,45268.0
2023-12-08,46352.0
2023-12-11,46174.0
2023-12-12,45661.0
2023-12-13,48723.0
2023-12-14,50100.0
2023-12-15,49455.0
2023-12-18,50342.0
2023-12-19,51109.0
2023-12-20,50062.0
2023-12-21,51440.0
2023-12-22,52011.0
2023-12-26,52791.0
2023-12-27,53452.0
2023-12-28,53443.0
2024-01-02,51955.0
2024-01-03,52092.0
2024-01-04,50484.0
2024-01-05,51281.0
2024-01-08,51685.0
2024-01-09,50705.0
2024-01-10,50099.0
2024-01-11,49907.0
2024-01-12,50246.0
2024-01-15,50779.0
2024-01-16,48552.0
2024-01-17,47782.0
2024-01-18,46574.0
2024-01-19,46894.0
2024-01-22,45860.0
2024-01-23,47521.0
2024-01-24,47074.0
2024-01-25,47427.0
2024-01-26,48225.0
2024-01-29,47761.0
2024-01-30,46660.0
2024-01-31,47010.0
2024-02-01,47739.0
2024-02-02,46440.0
2024-02-05,46851.0
2024-02-06,49674.0
2024-02-07,48866.0
2024-02-08,47475.0
2024-02-09,47284.0
2024-02-14,46276.0
2024-02-15,47062.0
2024-02-16,47984.0
2024-02-19,48294.0
2024-02-20,49174.0
2024-02-21,49290.0
2024-02-22,49499.0
2024-02-23,48677.0
2024-02-26,48867.0
2024-02-27,50947.0
2024-02-28,49413.0
2024-02-29,48278.0
2024-03-01,48438.0
2024-03-04,47599.0
2024-03-05,47356.0
2024-03-06,48148.0
2024-03-07,47598.0
2024-03-08,46329.0
2024-03-11,45382.0
2024-03-12,46926.0
2024-03-13,47264.0
2024-03-14,46948.0
2024-03-15,46000.0
2024-03-18,46212.0
2024-03-19,46787.0
2024-03-20,48383.0
2024-03-21,47417.0
2024-03-22,46285.0
2024-03-25,46189.0
2024-03-26,46121.0
2024-03-27,46949.0
2024-03-28,47364.0
2024-04-01,46248.0
2024-04-02,46807.0
2024-04-03,46576.0
2024-04-04,46686.0
2024-04-05,46053.0
2024-04-08,48115.0
2024-04-09,49148.0
2024-04-10,47312.0
2024-04-11,46654.0
2024-04-12,45204.0
2024-04-15,44592.0
2024-04-16,43647.0
2024-04-17,43429.0
2024-04-18,43454.0
2024-04-19,44382.0
2024-04-22,44831.0
2024-04-23,44406.0
2024-04-24,43999.0
2024-04-25,43904.0
2024-04-26,45784.0
2024-04-29,46610.0
2024-04-30,45182.0
2024-05-02,46380.0
2024-05-03,47767.0
2024-05-06,47724.0
2024-05-07,48468.0
2024-05-08,48739.0
2024-05-09,47446.0
2024-05-10,46858.0
2024-05-13,47413.0
2024-05-14,47773.0
2024-05-15,47286.0
2024-05-16,47542.0
2024-05-17,47409.0
2024-05-20,47009.0
2024-05-21,46670.0
2024-05-22,44908.0
2024-05-23,43987.0
2024-05-24,43564.0
2024-05-27,43754.0
2024-05-28,43038.0
2024-05-29,41965.0
2024-05-31,41356.0
2024-06-03,41290.0
2024-06-04,41060.0
2024-06-05,40665.0
2024-06-06,42157.0
2024-06-07,40025.0
2024-06-10,40018.0
2024-06-11,40893.0
2024-06-12,39194.0
2024-06-13,38826.0
2024-06-14,38920.0
2024-06-17,38396.0
2024-06-18,38888.0
2024-06-19,39519.0
2024-06-20,39704.0
2024-06-21,40599.0
2024-06-24,41895.0
2024-06-25,41589.0
2024-06-26,41899.0
2024-06-27,43566.0
2024-06-28,43165.0
2024-07-01,43976.0
2024-07-02,44045.0
2024-07-03,44920.0
2024-07-04,45422.0
2024-07-05,45525.0
2024-07-08,45806.0
2024-07-09,46366.0
2024-07-10,46476.0
2024-07-11,47552.0
2024-07-12,48155.0
2024-07-15,48579.0
2024-07-16,48368.0
2024-07-17,48708.0
2024-07-18,46910.0
2024-07-19,46874.0
2024-07-22,47118.0
2024-07-23,45848.0
2024-07-24,45681.0
2024-07-25,45212.0
2024-07-26,46750.0
2024-07-29,46212.0
2024-07-30,45397.0
2024-07-31,46910.0
2024-08-01,46653.0
2024-08-02,45112.0
2024-08-05,44528.0
2024-08-06,45525.0
2024-08-07,46772.0
2024-08-08,47919.0
2024-08-09,49873.0
2024-08-12,50374.0
2024-08-13,51656.0
2024-08-14,52576.0
2024-08-15,53411.0
2024-08-16,53211.0
2024-08-19,55036.0
2024-08-20,55345.0
2024-08-21,55722.0
2024-08-22,54431.0
2024-08-23,54866.0
2024-08-26,56147.0
2024-08-27,56034.0
2024-08-28,56602.0
2024-08-29,55299.0
2024-08-30,55262.0
2024-09-02,54239.0
2024-09-03,53611.0
2024-09-04,55369.0
2024-09-05,55760.0
2024-09-06,53830.0
2024-09-09,53995.0
2024-09-10,53578.0
2024-09-11,53935.0
2024-09-12,53287.0
2024-09-13,54140.0
2024-09-16,54376.0
2024-09-17,54218.0
2024-09-18,53006.0
2024-09-19,52381.0
2024-09-20,50323.0
2024-09-23,49826.0
2024-09-24,51414.0
2024-09-25,50844.0
2024-09-26,52268.0
2024-09-27,51988.0
2024-09-30,51074.0
2024-10-01,51753.0
2024-10-02,52773.0
2024-10-03,50930.0
2024-10-04,51050.0
2024-10-07,51276.0
2024-10-08,50770.0
2024-10-09,49220.0
2024-10-10,49611.0
2024-10-11,49250.0
2024-10-14,50263.0
2024-10-15,50301.0
2024-10-16,51008.0
2024-10-17,50051.0
2024-10-18,49757.0
2024-10-21,49620.0
2024-10-22,48979.0
2024-10-23,48491.0
2024-10-24,49325.0
2024-10-25,49151.0
2024-10-28,50471.0
2024-10-29,49988.0
2024-10-30,49897.0
2024-10-31,48971.0
2024-11-01,47379.0
2024-11-04,49773.0
2024-11-05,49919.0
2024-11-06,49599.0
2024-11-07,48940.0
2024-11-07,48940.0
