,Date,Profit
0,2006-01-02,0.0
1,2006-01-03,1034.0
2,2006-01-04,1034.0
3,2006-01-05,1034.0
4,2006-01-06,1034.0
5,2006-01-09,1034.0
6,2006-01-10,987.0
7,2006-01-11,987.0
8,2006-01-12,144.0
9,2006-01-13,-278.0
10,2006-01-16,-1475.0
11,2006-01-17,-1642.0
12,2006-01-18,-1642.0
13,2006-01-19,-589.0
14,2006-01-20,-589.0
15,2006-01-23,-589.0
16,2006-01-24,-589.0
17,2006-01-26,-589.0
18,2006-01-27,-589.0
19,2006-01-30,958.0
20,2006-01-31,2709.0
21,2006-02-01,3794.0
22,2006-02-02,3794.0
23,2006-02-03,3794.0
24,2006-02-06,3794.0
25,2006-02-07,3794.0
26,2006-02-08,3794.0
27,2006-02-09,3794.0
28,2006-02-10,3794.0
29,2006-02-13,3794.0
30,2006-02-14,2407.0
31,2006-02-15,1824.0
32,2006-02-16,2776.0
33,2006-02-17,3936.0
34,2006-02-20,5154.0
35,2006-02-21,5154.0
36,2006-02-22,5154.0
37,2006-02-23,5154.0
38,2006-02-24,5154.0
39,2006-03-01,5154.0
40,2006-03-02,5154.0
41,2006-03-03,5154.0
42,2006-03-06,5154.0
43,2006-03-07,5897.0
44,2006-03-08,6854.0
45,2006-03-09,6854.0
46,2006-03-10,8368.0
47,2006-03-13,8368.0
48,2006-03-14,9437.0
49,2006-03-15,9437.0
50,2006-03-16,9437.0
51,2006-03-17,9437.0
52,2006-03-20,10411.0
53,2006-03-21,10411.0
54,2006-03-22,10411.0
55,2006-03-23,10411.0
56,2006-03-24,10411.0
57,2006-03-27,10411.0
58,2006-03-28,10411.0
59,2006-03-29,10411.0
60,2006-03-30,10790.0
61,2006-03-31,10891.0
62,2006-04-03,12134.0
63,2006-04-04,13359.0
64,2006-04-05,14771.0
65,2006-04-06,14771.0
66,2006-04-07,14771.0
67,2006-04-10,14771.0
68,2006-04-11,14771.0
69,2006-04-12,14771.0
70,2006-04-13,14771.0
71,2006-04-17,15594.0
72,2006-04-18,14948.0
73,2006-04-19,13485.0
74,2006-04-20,11611.0
75,2006-04-24,10287.0
76,2006-04-25,10287.0
77,2006-04-26,10287.0
78,2006-04-27,10946.0
79,2006-04-28,10946.0
80,2006-05-02,10946.0
81,2006-05-03,10946.0
82,2006-05-04,10946.0
83,2006-05-05,12000.0
84,2006-05-08,12498.0
85,2006-05-09,13501.0
86,2006-05-10,13501.0
87,2006-05-11,14406.0
88,2006-05-12,14406.0
89,2006-05-15,14406.0
90,2006-05-16,14406.0
91,2006-05-17,14406.0
92,2006-05-18,14406.0
93,2006-05-19,14406.0
94,2006-05-22,14406.0
95,2006-05-23,14406.0
96,2006-05-24,14406.0
97,2006-05-25,14406.0
98,2006-05-26,14406.0
99,2006-05-29,14406.0
100,2006-05-30,14406.0
101,2006-05-31,14406.0
102,2006-06-01,11931.0
103,2006-06-02,10457.0
104,2006-06-05,10457.0
105,2006-06-06,10457.0
106,2006-06-07,10457.0
107,2006-06-08,10457.0
108,2006-06-09,10457.0
109,2006-06-12,10457.0
110,2006-06-13,10457.0
111,2006-06-14,10457.0
112,2006-06-16,10457.0
113,2006-06-19,10457.0
114,2006-06-20,10457.0
115,2006-06-21,10457.0
116,2006-06-22,10457.0
117,2006-06-23,10457.0
118,2006-06-26,10457.0
119,2006-06-27,10457.0
120,2006-06-28,10457.0
121,2006-06-29,10457.0
122,2006-06-30,10457.0
123,2006-07-03,9523.0
124,2006-07-04,10360.0
125,2006-07-05,9998.0
126,2006-07-06,11267.0
127,2006-07-07,11931.0
128,2006-07-10,11931.0
129,2006-07-11,11931.0
130,2006-07-12,11931.0
131,2006-07-13,12718.0
132,2006-07-14,12718.0
133,2006-07-17,12718.0
134,2006-07-18,14142.0
135,2006-07-19,13587.0
136,2006-07-20,13587.0
137,2006-07-21,13587.0
138,2006-07-24,13587.0
139,2006-07-25,14044.0
140,2006-07-26,14044.0
141,2006-07-27,14044.0
142,2006-07-28,14831.0
143,2006-07-31,14831.0
144,2006-08-01,14831.0
145,2006-08-02,14831.0
146,2006-08-03,15394.0
147,2006-08-04,16165.0
148,2006-08-07,17024.0
149,2006-08-08,17024.0
150,2006-08-09,17024.0
151,2006-08-10,17024.0
152,2006-08-11,17024.0
153,2006-08-14,17024.0
154,2006-08-15,17024.0
155,2006-08-16,17024.0
156,2006-08-17,17024.0
157,2006-08-18,17024.0
158,2006-08-21,17024.0
159,2006-08-22,17024.0
160,2006-08-23,17024.0
161,2006-08-24,17024.0
162,2006-08-25,17024.0
163,2006-08-28,17024.0
164,2006-08-29,17024.0
165,2006-08-30,17024.0
166,2006-08-31,17024.0
167,2006-09-01,17065.0
168,2006-09-04,17503.0
169,2006-09-05,17517.0
170,2006-09-06,17517.0
171,2006-09-08,17517.0
172,2006-09-11,17517.0
173,2006-09-12,17517.0
174,2006-09-13,17517.0
175,2006-09-14,17517.0
176,2006-09-15,17517.0
177,2006-09-18,17056.0
178,2006-09-19,17056.0
179,2006-09-20,17056.0
180,2006-09-21,17056.0
181,2006-09-22,17056.0
182,2006-09-25,17056.0
183,2006-09-26,17056.0
184,2006-09-27,17056.0
185,2006-09-28,16246.0
186,2006-09-29,15985.0
187,2006-10-02,16896.0
188,2006-10-03,16784.0
189,2006-10-04,18647.0
190,2006-10-05,18647.0
191,2006-10-06,18610.0
192,2006-10-09,18610.0
193,2006-10-10,18610.0
194,2006-10-11,18610.0
195,2006-10-13,18610.0
196,2006-10-16,18610.0
197,2006-10-17,18118.0
198,2006-10-18,18087.0
199,2006-10-19,18087.0
200,2006-10-20,17766.0
201,2006-10-23,17389.0
202,2006-10-24,17389.0
203,2006-10-25,17389.0
204,2006-10-26,17389.0
205,2006-10-27,17389.0
206,2006-10-30,17718.0
207,2006-10-31,17718.0
208,2006-11-01,17718.0
209,2006-11-03,17718.0
210,2006-11-06,17718.0
211,2006-11-07,17718.0
212,2006-11-08,17718.0
213,2006-11-09,17718.0
214,2006-11-10,15918.0
215,2006-11-13,14811.0
216,2006-11-14,13083.0
217,2006-11-16,11566.0
218,2006-11-17,11566.0
219,2006-11-21,9259.0
220,2006-11-22,9259.0
221,2006-11-23,9259.0
222,2006-11-24,9259.0
223,2006-11-27,9259.0
224,2006-11-28,9259.0
225,2006-11-29,9316.0
226,2006-11-30,9178.0
227,2006-12-01,9178.0
228,2006-12-04,9178.0
229,2006-12-05,9178.0
230,2006-12-06,9178.0
231,2006-12-07,9178.0
232,2006-12-08,9178.0
233,2006-12-11,9178.0
234,2006-12-12,9178.0
235,2006-12-13,9178.0
236,2006-12-14,11175.0
237,2006-12-15,11175.0
238,2006-12-18,11175.0
239,2006-12-19,11175.0
240,2006-12-20,11175.0
241,2006-12-21,11175.0
242,2006-12-22,11175.0
243,2006-12-26,11175.0
244,2006-12-27,11175.0
245,2006-12-28,11175.0
246,2007-01-02,11175.0
247,2007-01-03,11175.0
248,2007-01-04,11175.0
249,2007-01-05,11175.0
250,2007-01-08,11175.0
251,2007-01-09,11175.0
252,2007-01-10,11175.0
253,2007-01-11,11175.0
254,2007-01-12,11175.0
255,2007-01-15,11175.0
256,2007-01-16,11175.0
257,2007-01-17,11175.0
258,2007-01-18,12610.0
259,2007-01-19,13384.0
260,2007-01-22,13384.0
261,2007-01-23,14404.0
262,2007-01-24,16113.0
263,2007-01-26,16929.0
264,2007-01-29,16929.0
265,2007-01-30,17420.0
266,2007-01-31,18489.0
267,2007-02-01,18489.0
268,2007-02-02,18489.0
269,2007-02-05,18489.0
270,2007-02-06,18489.0
271,2007-02-07,18489.0
272,2007-02-08,18489.0
273,2007-02-09,18489.0
274,2007-02-12,18489.0
275,2007-02-13,18489.0
276,2007-02-14,18489.0
277,2007-02-15,17349.0
278,2007-02-16,17349.0
279,2007-02-21,16257.0
280,2007-02-22,15091.0
281,2007-02-23,15091.0
282,2007-02-26,14236.0
283,2007-02-27,15679.0
284,2007-02-28,15679.0
285,2007-03-01,15679.0
286,2007-03-02,15679.0
287,2007-03-05,15679.0
288,2007-03-06,16353.0
289,2007-03-07,16353.0
290,2007-03-08,16353.0
291,2007-03-09,16353.0
292,2007-03-12,16353.0
293,2007-03-13,16353.0
294,2007-03-14,16974.0
295,2007-03-15,16786.0
296,2007-03-16,15383.0
297,2007-03-19,14847.0
298,2007-03-20,16449.0
299,2007-03-21,16449.0
300,2007-03-22,16449.0
301,2007-03-23,16449.0
302,2007-03-26,16449.0
303,2007-03-27,16449.0
304,2007-03-28,16449.0
305,2007-03-29,16449.0
306,2007-03-30,16449.0
307,2007-04-02,16483.0
308,2007-04-03,16483.0
309,2007-04-04,16483.0
310,2007-04-05,16483.0
311,2007-04-09,16483.0
312,2007-04-10,16483.0
313,2007-04-11,16483.0
314,2007-04-12,16483.0
315,2007-04-13,16483.0
316,2007-04-16,16483.0
317,2007-04-17,16483.0
318,2007-04-18,16483.0
319,2007-04-19,16483.0
320,2007-04-20,16483.0
321,2007-04-23,16483.0
322,2007-04-24,16483.0
323,2007-04-25,12231.0
324,2007-04-26,8696.0
325,2007-04-27,5111.0
326,2007-04-30,5111.0
327,2007-05-02,846.0
328,2007-05-03,-3084.0
329,2007-05-04,-3084.0
330,2007-05-07,-2768.0
331,2007-05-08,-2768.0
332,2007-05-09,-1746.0
333,2007-05-10,-1746.0
334,2007-05-11,-1746.0
335,2007-05-14,-2022.0
336,2007-05-15,-1638.0
337,2007-05-16,-1638.0
338,2007-05-17,-1638.0
339,2007-05-18,-1638.0
340,2007-05-21,-953.0
341,2007-05-22,-376.0
342,2007-05-23,-376.0
343,2007-05-24,-376.0
344,2007-05-25,-376.0
345,2007-05-28,-376.0
346,2007-05-29,-376.0
347,2007-05-30,-376.0
348,2007-05-31,-376.0
349,2007-06-01,-376.0
350,2007-06-04,-376.0
351,2007-06-05,-376.0
352,2007-06-06,-376.0
353,2007-06-08,-376.0
354,2007-06-11,323.0
355,2007-06-12,323.0
356,2007-06-13,1504.0
357,2007-06-14,1504.0
358,2007-06-15,4405.0
359,2007-06-18,7015.0
360,2007-06-19,9946.0
361,2007-06-20,9946.0
362,2007-06-21,10890.0
363,2007-06-22,11128.0
364,2007-06-25,11128.0
365,2007-06-26,11128.0
366,2007-06-27,11128.0
367,2007-06-28,11128.0
368,2007-06-29,11128.0
369,2007-07-02,12457.0
370,2007-07-03,14305.0
371,2007-07-04,15609.0
372,2007-07-05,15609.0
373,2007-07-06,15609.0
374,2007-07-10,15609.0
375,2007-07-11,15609.0
376,2007-07-12,15609.0
377,2007-07-13,15609.0
378,2007-07-16,15609.0
379,2007-07-17,15609.0
380,2007-07-18,15609.0
381,2007-07-19,15609.0
382,2007-07-20,15609.0
383,2007-07-23,15609.0
384,2007-07-24,15609.0
385,2007-07-25,15609.0
386,2007-07-26,15609.0
387,2007-07-27,15609.0
388,2007-07-30,15609.0
389,2007-07-31,17358.0
390,2007-08-01,19568.0
391,2007-08-02,20760.0
392,2007-08-03,24270.0
393,2007-08-06,28792.0
394,2007-08-07,28792.0
395,2007-08-08,28792.0
396,2007-08-09,28792.0
397,2007-08-10,29956.0
398,2007-08-13,32763.0
399,2007-08-14,32763.0
400,2007-08-15,36909.0
401,2007-08-16,36909.0
402,2007-08-17,36909.0
403,2007-08-20,36909.0
404,2007-08-21,36909.0
405,2007-08-22,36909.0
406,2007-08-23,38942.0
407,2007-08-24,40195.0
408,2007-08-27,40195.0
409,2007-08-28,40195.0
410,2007-08-29,40195.0
411,2007-08-30,40195.0
412,2007-08-31,40195.0
413,2007-09-03,40195.0
414,2007-09-04,40195.0
415,2007-09-05,40195.0
416,2007-09-06,40195.0
417,2007-09-10,40195.0
418,2007-09-11,40195.0
419,2007-09-12,40195.0
420,2007-09-13,40195.0
421,2007-09-14,40195.0
422,2007-09-17,40195.0
423,2007-09-18,40195.0
424,2007-09-19,40195.0
425,2007-09-20,36367.0
426,2007-09-21,30213.0
427,2007-09-24,30213.0
428,2007-09-25,30213.0
429,2007-09-26,30213.0
430,2007-09-27,30213.0
431,2007-09-28,30213.0
432,2007-10-01,30213.0
433,2007-10-02,30213.0
434,2007-10-03,30213.0
435,2007-10-04,30213.0
436,2007-10-05,30213.0
437,2007-10-08,30213.0
438,2007-10-09,30213.0
439,2007-10-10,30213.0
440,2007-10-11,20492.0
441,2007-10-15,20492.0
442,2007-10-16,20492.0
443,2007-10-17,10156.0
444,2007-10-18,10156.0
445,2007-10-19,3899.0
446,2007-10-22,3899.0
447,2007-10-23,3899.0
448,2007-10-24,-7.0
449,2007-10-25,-3490.0
450,2007-10-26,-3490.0
451,2007-10-29,-3490.0
452,2007-10-30,-4904.0
453,2007-10-31,-4904.0
454,2007-11-01,-5693.0
455,2007-11-05,-7438.0
456,2007-11-06,-7665.0
457,2007-11-07,-7665.0
458,2007-11-08,-7665.0
459,2007-11-09,-6942.0
460,2007-11-12,-3151.0
461,2007-11-13,-3151.0
462,2007-11-14,-1447.0
463,2007-11-16,-1447.0
464,2007-11-19,-1447.0
465,2007-11-21,-1447.0
466,2007-11-22,-1447.0
467,2007-11-23,-1447.0
468,2007-11-26,-1447.0
469,2007-11-27,-1447.0
470,2007-11-28,-1447.0
471,2007-11-29,-3900.0
472,2007-11-30,-3230.0
473,2007-12-03,-683.0
474,2007-12-04,1828.0
475,2007-12-05,7687.0
476,2007-12-06,7687.0
477,2007-12-07,7687.0
478,2007-12-10,7687.0
479,2007-12-11,7687.0
480,2007-12-12,7687.0
481,2007-12-13,7687.0
482,2007-12-14,7687.0
483,2007-12-17,7687.0
484,2007-12-18,7687.0
485,2007-12-19,7687.0
486,2007-12-20,7687.0
487,2007-12-21,10380.0
488,2007-12-26,11731.0
489,2007-12-27,13403.0
490,2007-12-28,13403.0
491,2008-01-02,15100.0
492,2008-01-03,16950.0
493,2008-01-04,19799.0
494,2008-01-07,19799.0
495,2008-01-08,19799.0
496,2008-01-09,19799.0
497,2008-01-10,20640.0
498,2008-01-11,20640.0
499,2008-01-14,20886.0
500,2008-01-15,20886.0
501,2008-01-16,20886.0
502,2008-01-17,20886.0
503,2008-01-18,18485.0
504,2008-01-21,18485.0
505,2008-01-22,18485.0
506,2008-01-23,18485.0
507,2008-01-24,18485.0
508,2008-01-28,18485.0
509,2008-01-29,19238.0
510,2008-01-30,22490.0
511,2008-01-31,28271.0
512,2008-02-01,33254.0
513,2008-02-06,37988.0
514,2008-02-07,37988.0
515,2008-02-08,37988.0
516,2008-02-11,39666.0
517,2008-02-12,42395.0
518,2008-02-13,42395.0
519,2008-02-14,42395.0
520,2008-02-15,43714.0
521,2008-02-18,43714.0
522,2008-02-19,43714.0
523,2008-02-20,41786.0
524,2008-02-21,41786.0
525,2008-02-22,41786.0
526,2008-02-25,41786.0
527,2008-02-26,41786.0
528,2008-02-27,41786.0
529,2008-02-28,41786.0
530,2008-02-29,41786.0
531,2008-03-03,41786.0
532,2008-03-04,41786.0
533,2008-03-05,41786.0
534,2008-03-06,41786.0
535,2008-03-07,42719.0
536,2008-03-10,45017.0
537,2008-03-11,46441.0
538,2008-03-12,48873.0
539,2008-03-13,51594.0
540,2008-03-14,51594.0
541,2008-03-17,51594.0
542,2008-03-18,51594.0
543,2008-03-19,51594.0
544,2008-03-20,51594.0
545,2008-03-24,51594.0
546,2008-03-25,50837.0
547,2008-03-26,52439.0
548,2008-03-27,52439.0
549,2008-03-28,52749.0
550,2008-03-31,52749.0
551,2008-04-01,52749.0
552,2008-04-02,52749.0
553,2008-04-03,52749.0
554,2008-04-04,52749.0
555,2008-04-07,52749.0
556,2008-04-08,52749.0
557,2008-04-09,52749.0
558,2008-04-10,52749.0
559,2008-04-11,52749.0
560,2008-04-14,51564.0
561,2008-04-15,51564.0
562,2008-04-16,50187.0
563,2008-04-17,50187.0
564,2008-04-18,50187.0
565,2008-04-22,50187.0
566,2008-04-23,50187.0
567,2008-04-24,50187.0
568,2008-04-25,50187.0
569,2008-04-28,50187.0
570,2008-04-29,50187.0
571,2008-04-30,50187.0
572,2008-05-02,50187.0
573,2008-05-05,50187.0
574,2008-05-06,50187.0
575,2008-05-07,50187.0
576,2008-05-08,50187.0
577,2008-05-09,50187.0
578,2008-05-12,50187.0
579,2008-05-13,43048.0
580,2008-05-14,43048.0
581,2008-05-15,43048.0
582,2008-05-16,43048.0
583,2008-05-19,43048.0
584,2008-05-20,43048.0
585,2008-05-21,43048.0
586,2008-05-23,35771.0
587,2008-05-26,35771.0
588,2008-05-27,35771.0
589,2008-05-28,27064.0
590,2008-05-29,27064.0
591,2008-05-30,17089.0
592,2008-06-02,9744.0
593,2008-06-03,9744.0
594,2008-06-04,9744.0
595,2008-06-05,8536.0
596,2008-06-06,10379.0
597,2008-06-09,10379.0
598,2008-06-10,10379.0
599,2008-06-11,10379.0
600,2008-06-12,10379.0
601,2008-06-13,10379.0
602,2008-06-16,10379.0
603,2008-06-17,10379.0
604,2008-06-18,10379.0
605,2008-06-19,10379.0
606,2008-06-20,10379.0
607,2008-06-23,10379.0
608,2008-06-24,10379.0
609,2008-06-25,16324.0
610,2008-06-26,16324.0
611,2008-06-27,16324.0
612,2008-06-30,16324.0
613,2008-07-01,16324.0
614,2008-07-02,16324.0
615,2008-07-03,16324.0
616,2008-07-04,16324.0
617,2008-07-07,16324.0
618,2008-07-08,16324.0
619,2008-07-10,16324.0
620,2008-07-11,16324.0
621,2008-07-14,16324.0
622,2008-07-15,13018.0
623,2008-07-16,10056.0
624,2008-07-17,6769.0
625,2008-07-18,6769.0
626,2008-07-21,6769.0
627,2008-07-22,6769.0
628,2008-07-23,6769.0
629,2008-07-24,6769.0
630,2008-07-25,6769.0
631,2008-07-28,6769.0
632,2008-07-29,6769.0
633,2008-07-30,6769.0
634,2008-07-31,6769.0
635,2008-08-01,6769.0
636,2008-08-04,6769.0
637,2008-08-05,6769.0
638,2008-08-06,6769.0
639,2008-08-07,6769.0
640,2008-08-08,6769.0
641,2008-08-11,6769.0
642,2008-08-12,6769.0
643,2008-08-13,6769.0
644,2008-08-14,6769.0
645,2008-08-15,6769.0
646,2008-08-18,6769.0
647,2008-08-19,6769.0
648,2008-08-20,1040.0
649,2008-08-21,-2390.0
650,2008-08-22,-2390.0
651,2008-08-25,-2390.0
652,2008-08-26,-2390.0
653,2008-08-27,-2390.0
654,2008-08-28,-2390.0
655,2008-08-29,-2390.0
656,2008-09-01,-2390.0
657,2008-09-02,-2390.0
658,2008-09-03,-2390.0
659,2008-09-04,-2390.0
660,2008-09-05,-2390.0
661,2008-09-08,-2390.0
662,2008-09-09,-2390.0
663,2008-09-10,-2390.0
664,2008-09-11,-2390.0
665,2008-09-12,-2390.0
666,2008-09-15,-2390.0
667,2008-09-16,-2390.0
668,2008-09-17,-2390.0
669,2008-09-18,-13955.0
670,2008-09-19,-21672.0
671,2008-09-22,-29778.0
672,2008-09-23,-29778.0
673,2008-09-24,-35785.0
674,2008-09-25,-38316.0
675,2008-09-26,-38316.0
676,2008-09-29,-38316.0
677,2008-09-30,-38316.0
678,2008-10-01,-38316.0
679,2008-10-02,-38316.0
680,2008-10-03,-38316.0
681,2008-10-06,-38316.0
682,2008-10-07,-38316.0
683,2008-10-08,-38316.0
684,2008-10-09,-38316.0
685,2008-10-10,-38316.0
686,2008-10-13,-38316.0
687,2008-10-14,-38316.0
688,2008-10-15,-38316.0
689,2008-10-16,-38316.0
690,2008-10-17,-38316.0
691,2008-10-20,-38316.0
692,2008-10-21,-38316.0
693,2008-10-22,-38316.0
694,2008-10-23,-38316.0
695,2008-10-24,-38316.0
696,2008-10-27,-38316.0
697,2008-10-28,-38316.0
698,2008-10-29,-38316.0
699,2008-10-30,-38316.0
700,2008-10-31,-38316.0
701,2008-11-03,-38316.0
702,2008-11-04,-47654.0
703,2008-11-05,-60651.0
704,2008-11-06,-70317.0
705,2008-11-07,-83193.0
706,2008-11-10,-96216.0
707,2008-11-11,-96216.0
708,2008-11-12,-96216.0
709,2008-11-13,-94947.0
710,2008-11-14,-94947.0
711,2008-11-17,-96290.0
712,2008-11-18,-94596.0
713,2008-11-19,-94596.0
714,2008-11-21,-94596.0
715,2008-11-24,-94596.0
716,2008-11-25,-94596.0
717,2008-11-26,-94596.0
718,2008-11-27,-94596.0
719,2008-11-28,-94596.0
720,2008-12-01,-94596.0
721,2008-12-02,-93000.0
722,2008-12-03,-88954.0
723,2008-12-04,-88015.0
724,2008-12-05,-87481.0
725,2008-12-08,-85666.0
726,2008-12-09,-85666.0
727,2008-12-10,-85666.0
728,2008-12-11,-86217.0
729,2008-12-12,-86587.0
730,2008-12-15,-86587.0
731,2008-12-16,-86587.0
732,2008-12-17,-86587.0
733,2008-12-18,-86587.0
734,2008-12-19,-86587.0
735,2008-12-22,-86587.0
736,2008-12-23,-86587.0
737,2008-12-26,-86587.0
738,2008-12-29,-86587.0
739,2008-12-30,-86587.0
740,2009-01-02,-84663.0
741,2009-01-05,-83137.0
742,2009-01-06,-80772.0
743,2009-01-07,-79083.0
744,2009-01-08,-73563.0
745,2009-01-09,-73563.0
746,2009-01-12,-73563.0
747,2009-01-13,-73563.0
748,2009-01-14,-69962.0
749,2009-01-15,-69710.0
750,2009-01-16,-69508.0
751,2009-01-19,-69508.0
752,2009-01-20,-69508.0
753,2009-01-21,-69793.0
754,2009-01-22,-69793.0
755,2009-01-23,-69793.0
756,2009-01-26,-68556.0
757,2009-01-27,-67751.0
758,2009-01-28,-65656.0
759,2009-01-29,-65656.0
760,2009-01-30,-65319.0
761,2009-02-02,-65319.0
762,2009-02-03,-65319.0
763,2009-02-04,-65319.0
764,2009-02-05,-62876.0
765,2009-02-06,-59867.0
766,2009-02-09,-57896.0
767,2009-02-10,-57896.0
768,2009-02-11,-57896.0
769,2009-02-12,-57896.0
770,2009-02-13,-57896.0
771,2009-02-16,-57262.0
772,2009-02-17,-57262.0
773,2009-02-18,-57262.0
774,2009-02-19,-57262.0
775,2009-02-20,-57262.0
776,2009-02-25,-57262.0
777,2009-02-26,-57262.0
778,2009-02-27,-57262.0
779,2009-03-02,-57262.0
780,2009-03-03,-57262.0
781,2009-03-04,-57262.0
782,2009-03-05,-57262.0
783,2009-03-06,-57262.0
784,2009-03-09,-57262.0
785,2009-03-10,-57262.0
786,2009-03-11,-57262.0
787,2009-03-12,-58956.0
788,2009-03-13,-58956.0
789,2009-03-16,-58956.0
790,2009-03-17,-59946.0
791,2009-03-18,-61478.0
792,2009-03-19,-60872.0
793,2009-03-20,-60526.0
794,2009-03-23,-57102.0
795,2009-03-24,-57102.0
796,2009-03-25,-57102.0
797,2009-03-26,-57102.0
798,2009-03-27,-57102.0
799,2009-03-30,-56279.0
800,2009-03-31,-56279.0
801,2009-04-01,-56279.0
802,2009-04-02,-56279.0
803,2009-04-03,-56279.0
804,2009-04-06,-56279.0
805,2009-04-07,-56279.0
806,2009-04-08,-56279.0
807,2009-04-09,-56279.0
808,2009-04-13,-56279.0
809,2009-04-14,-56279.0
810,2009-04-15,-59753.0
811,2009-04-16,-59753.0
812,2009-04-17,-62942.0
813,2009-04-20,-65468.0
814,2009-04-22,-69430.0
815,2009-04-23,-73255.0
816,2009-04-24,-74002.0
817,2009-04-27,-74002.0
818,2009-04-28,-74002.0
819,2009-04-29,-72596.0
820,2009-04-30,-72596.0
821,2009-05-04,-72596.0
822,2009-05-05,-72596.0
823,2009-05-06,-72596.0
824,2009-05-07,-72596.0
825,2009-05-08,-72596.0
826,2009-05-11,-72596.0
827,2009-05-12,-72596.0
828,2009-05-13,-72596.0
829,2009-05-14,-74752.0
830,2009-05-15,-73354.0
831,2009-05-18,-74147.0
832,2009-05-19,-73995.0
833,2009-05-20,-73995.0
834,2009-05-21,-73995.0
835,2009-05-22,-73995.0
836,2009-05-25,-74753.0
837,2009-05-26,-74753.0
838,2009-05-27,-74753.0
839,2009-05-28,-74753.0
840,2009-05-29,-74753.0
841,2009-06-01,-74753.0
842,2009-06-02,-74753.0
843,2009-06-03,-74999.0
844,2009-06-04,-74999.0
845,2009-06-05,-76548.0
846,2009-06-08,-76548.0
847,2009-06-09,-76664.0
848,2009-06-10,-76877.0
849,2009-06-12,-75949.0
850,2009-06-15,-74519.0
851,2009-06-16,-72095.0
852,2009-06-17,-72095.0
853,2009-06-18,-72095.0
854,2009-06-19,-72095.0
855,2009-06-22,-72095.0
856,2009-06-23,-72095.0
857,2009-06-24,-72095.0
858,2009-06-25,-72095.0
859,2009-06-26,-72095.0
860,2009-06-29,-72095.0
861,2009-06-30,-72095.0
862,2009-07-01,-71925.0
863,2009-07-02,-72415.0
864,2009-07-03,-72415.0
865,2009-07-06,-72415.0
866,2009-07-07,-72415.0
867,2009-07-08,-72415.0
868,2009-07-10,-72415.0
869,2009-07-13,-72415.0
870,2009-07-14,-72415.0
871,2009-07-15,-72415.0
872,2009-07-16,-72415.0
873,2009-07-17,-72415.0
874,2009-07-20,-71398.0
875,2009-07-21,-69629.0
876,2009-07-22,-67178.0
877,2009-07-23,-62107.0
878,2009-07-24,-56871.0
879,2009-07-27,-56871.0
880,2009-07-28,-56871.0
881,2009-07-29,-56871.0
882,2009-07-30,-56871.0
883,2009-07-31,-56871.0
884,2009-08-03,-56871.0
885,2009-08-04,-56871.0
886,2009-08-05,-56871.0
887,2009-08-06,-56871.0
888,2009-08-07,-56871.0
889,2009-08-10,-56871.0
890,2009-08-11,-56871.0
891,2009-08-12,-56871.0
892,2009-08-13,-56871.0
893,2009-08-14,-56871.0
894,2009-08-17,-57540.0
895,2009-08-18,-57540.0
896,2009-08-19,-57540.0
897,2009-08-20,-57540.0
898,2009-08-21,-57540.0
899,2009-08-24,-57540.0
900,2009-08-25,-57540.0
901,2009-08-26,-57540.0
902,2009-08-27,-57540.0
903,2009-08-28,-57540.0
904,2009-08-31,-57540.0
905,2009-09-01,-57540.0
906,2009-09-02,-58454.0
907,2009-09-03,-60426.0
908,2009-09-04,-62600.0
909,2009-09-08,-65689.0
910,2009-09-09,-65689.0
911,2009-09-10,-65689.0
912,2009-09-11,-65689.0
913,2009-09-14,-65689.0
914,2009-09-15,-65689.0
915,2009-09-16,-65689.0
916,2009-09-17,-65689.0
917,2009-09-18,-65689.0
918,2009-09-21,-65689.0
919,2009-09-22,-65689.0
920,2009-09-23,-65689.0
921,2009-09-24,-69986.0
922,2009-09-25,-69986.0
923,2009-09-28,-69986.0
924,2009-09-29,-69986.0
925,2009-09-30,-73594.0
926,2009-10-01,-73594.0
927,2009-10-02,-73594.0
928,2009-10-05,-77427.0
929,2009-10-06,-77427.0
930,2009-10-07,-77427.0
931,2009-10-08,-77427.0
932,2009-10-09,-77427.0
933,2009-10-13,-77427.0
934,2009-10-14,-77427.0
935,2009-10-15,-77427.0
936,2009-10-16,-77427.0
937,2009-10-19,-77427.0
938,2009-10-20,-77427.0
939,2009-10-21,-77427.0
940,2009-10-22,-77427.0
941,2009-10-23,-77427.0
942,2009-10-26,-77427.0
943,2009-10-27,-82222.0
944,2009-10-28,-82222.0
945,2009-10-29,-87075.0
946,2009-10-30,-87075.0
947,2009-11-03,-87075.0
948,2009-11-04,-90632.0
949,2009-11-05,-90632.0
950,2009-11-06,-90632.0
951,2009-11-09,-90632.0
952,2009-11-10,-90632.0
953,2009-11-11,-90632.0
954,2009-11-12,-90632.0
955,2009-11-13,-90632.0
956,2009-11-16,-90632.0
957,2009-11-17,-90632.0
958,2009-11-18,-90632.0
959,2009-11-19,-96500.0
960,2009-11-23,-96500.0
961,2009-11-24,-96500.0
962,2009-11-25,-96500.0
963,2009-11-26,-96500.0
964,2009-11-27,-96500.0
965,2009-11-30,-96500.0
966,2009-12-01,-96500.0
967,2009-12-02,-96500.0
968,2009-12-03,-96500.0
969,2009-12-04,-101433.0
970,2009-12-07,-101433.0
971,2009-12-08,-104346.0
972,2009-12-09,-107892.0
973,2009-12-10,-107892.0
974,2009-12-11,-107892.0
975,2009-12-14,-107892.0
976,2009-12-15,-107892.0
977,2009-12-16,-110300.0
978,2009-12-17,-110559.0
979,2009-12-18,-110559.0
980,2009-12-21,-107972.0
981,2009-12-22,-106662.0
982,2009-12-23,-104984.0
983,2009-12-28,-104984.0
984,2009-12-29,-104590.0
985,2009-12-30,-104590.0
986,2010-01-04,-104590.0
987,2010-01-05,-104590.0
988,2010-01-06,-104590.0
989,2010-01-07,-104590.0
990,2010-01-08,-104590.0
991,2010-01-11,-104590.0
992,2010-01-12,-104590.0
993,2010-01-13,-104590.0
994,2010-01-14,-104590.0
995,2010-01-15,-104590.0
996,2010-01-18,-105403.0
997,2010-01-19,-105267.0
998,2010-01-20,-103227.0
999,2010-01-21,-103227.0
1000,2010-01-22,-103227.0
1001,2010-01-26,-103227.0
1002,2010-01-27,-103227.0
1003,2010-01-28,-103227.0
1004,2010-01-29,-103227.0
1005,2010-02-01,-103227.0
1006,2010-02-02,-103227.0
1007,2010-02-03,-103227.0
1008,2010-02-04,-103227.0
1009,2010-02-05,-103227.0
1010,2010-02-08,-103227.0
1011,2010-02-09,-97216.0
1012,2010-02-10,-97216.0
1013,2010-02-11,-92894.0
1014,2010-02-12,-92894.0
1015,2010-02-17,-92894.0
1016,2010-02-18,-92894.0
1017,2010-02-19,-92894.0
1018,2010-02-22,-92894.0
1019,2010-02-23,-93951.0
1020,2010-02-24,-93891.0
1021,2010-02-25,-92727.0
1022,2010-02-26,-91394.0
1023,2010-03-01,-91025.0
1024,2010-03-02,-91025.0
1025,2010-03-03,-91025.0
1026,2010-03-04,-91025.0
1027,2010-03-05,-91025.0
1028,2010-03-08,-91025.0
1029,2010-03-09,-91025.0
1030,2010-03-10,-91025.0
1031,2010-03-11,-91025.0
1032,2010-03-12,-92587.0
1033,2010-03-15,-92587.0
1034,2010-03-16,-94888.0
1035,2010-03-17,-94888.0
1036,2010-03-18,-94888.0
1037,2010-03-19,-94888.0
1038,2010-03-22,-94888.0
1039,2010-03-23,-94888.0
1040,2010-03-24,-94888.0
1041,2010-03-25,-94888.0
1042,2010-03-26,-94888.0
1043,2010-03-29,-94888.0
1044,2010-03-30,-94888.0
1045,2010-03-31,-94888.0
1046,2010-04-01,-94888.0
1047,2010-04-05,-94888.0
1048,2010-04-06,-94888.0
1049,2010-04-07,-94888.0
1050,2010-04-08,-94888.0
1051,2010-04-09,-94888.0
1052,2010-04-12,-97687.0
1053,2010-04-13,-99632.0
1054,2010-04-14,-102092.0
1055,2010-04-15,-102677.0
1056,2010-04-16,-102677.0
1057,2010-04-19,-102677.0
1058,2010-04-20,-102035.0
1059,2010-04-22,-102035.0
1060,2010-04-23,-101912.0
1061,2010-04-26,-101912.0
1062,2010-04-27,-101912.0
1063,2010-04-28,-104128.0
1064,2010-04-29,-102661.0
1065,2010-04-30,-102661.0
1066,2010-05-03,-102661.0
1067,2010-05-04,-102661.0
1068,2010-05-05,-100045.0
1069,2010-05-06,-100045.0
1070,2010-05-07,-100045.0
1071,2010-05-10,-100045.0
1072,2010-05-11,-100045.0
1073,2010-05-12,-100045.0
1074,2010-05-13,-100045.0
1075,2010-05-14,-100045.0
1076,2010-05-17,-100045.0
1077,2010-05-18,-100045.0
1078,2010-05-19,-100045.0
1079,2010-05-20,-100045.0
1080,2010-05-21,-100045.0
1081,2010-05-24,-100045.0
1082,2010-05-25,-100045.0
1083,2010-05-26,-100045.0
1084,2010-05-27,-100045.0
1085,2010-05-28,-100045.0
1086,2010-05-31,-99090.0
1087,2010-06-01,-99090.0
1088,2010-06-02,-99090.0
1089,2010-06-04,-99090.0
1090,2010-06-07,-99090.0
1091,2010-06-08,-99090.0
1092,2010-06-09,-99090.0
1093,2010-06-10,-99090.0
1094,2010-06-11,-99090.0
1095,2010-06-14,-99090.0
1096,2010-06-15,-99090.0
1097,2010-06-16,-96180.0
1098,2010-06-17,-96180.0
1099,2010-06-18,-96180.0
1100,2010-06-21,-94294.0
1101,2010-06-22,-94294.0
1102,2010-06-23,-94294.0
1103,2010-06-24,-94294.0
1104,2010-06-25,-94294.0
1105,2010-06-28,-94294.0
1106,2010-06-29,-94294.0
1107,2010-06-30,-94294.0
1108,2010-07-01,-94294.0
1109,2010-07-02,-95913.0
1110,2010-07-05,-95913.0
1111,2010-07-06,-97453.0
1112,2010-07-07,-97453.0
1113,2010-07-08,-97510.0
1114,2010-07-12,-99091.0
1115,2010-07-13,-100216.0
1116,2010-07-14,-100021.0
1117,2010-07-15,-100021.0
1118,2010-07-16,-100021.0
1119,2010-07-19,-100021.0
1120,2010-07-20,-100021.0
1121,2010-07-21,-100021.0
1122,2010-07-22,-100021.0
1123,2010-07-23,-100021.0
1124,2010-07-26,-100021.0
1125,2010-07-27,-100021.0
1126,2010-07-28,-100021.0
1127,2010-07-29,-100021.0
1128,2010-07-30,-100021.0
1129,2010-08-02,-100021.0
1130,2010-08-03,-100021.0
1131,2010-08-04,-100021.0
1132,2010-08-05,-100021.0
1133,2010-08-06,-100021.0
1134,2010-08-09,-100021.0
1135,2010-08-10,-103755.0
1136,2010-08-11,-107206.0
1137,2010-08-12,-109875.0
1138,2010-08-13,-111676.0
1139,2010-08-16,-113901.0
1140,2010-08-17,-113901.0
1141,2010-08-18,-113901.0
1142,2010-08-19,-113901.0
1143,2010-08-20,-113901.0
1144,2010-08-23,-113901.0
1145,2010-08-24,-113901.0
1146,2010-08-25,-111120.0
1147,2010-08-26,-111120.0
1148,2010-08-27,-111120.0
1149,2010-08-30,-111120.0
1150,2010-08-31,-111120.0
1151,2010-09-01,-111120.0
1152,2010-09-02,-111120.0
1153,2010-09-03,-111120.0
1154,2010-09-06,-110229.0
1155,2010-09-08,-109749.0
1156,2010-09-09,-109696.0
1157,2010-09-10,-109696.0
1158,2010-09-13,-109696.0
1159,2010-09-14,-111406.0
1160,2010-09-15,-111406.0
1161,2010-09-16,-111406.0
1162,2010-09-17,-111406.0
1163,2010-09-20,-111406.0
1164,2010-09-21,-112318.0
1165,2010-09-22,-112612.0
1166,2010-09-23,-113299.0
1167,2010-09-24,-113832.0
1168,2010-09-27,-115559.0
1169,2010-09-28,-115559.0
1170,2010-09-29,-115559.0
1171,2010-09-30,-115559.0
1172,2010-10-01,-115559.0
1173,2010-10-04,-115559.0
1174,2010-10-05,-115559.0
1175,2010-10-06,-115559.0
1176,2010-10-07,-115559.0
1177,2010-10-08,-115559.0
1178,2010-10-11,-115559.0
1179,2010-10-13,-115559.0
1180,2010-10-14,-115559.0
1181,2010-10-15,-115559.0
1182,2010-10-18,-115559.0
1183,2010-10-19,-115559.0
1184,2010-10-20,-115559.0
1185,2010-10-21,-115559.0
1186,2010-10-22,-115861.0
1187,2010-10-25,-116213.0
1188,2010-10-26,-117523.0
1189,2010-10-27,-117863.0
1190,2010-10-28,-117863.0
1191,2010-10-29,-118151.0
1192,2010-11-01,-118151.0
1193,2010-11-03,-117807.0
1194,2010-11-04,-117807.0
1195,2010-11-05,-117807.0
1196,2010-11-08,-117807.0
1197,2010-11-09,-117807.0
1198,2010-11-10,-116449.0
1199,2010-11-11,-115037.0
1200,2010-11-12,-115037.0
1201,2010-11-16,-111572.0
1202,2010-11-17,-109602.0
1203,2010-11-18,-109602.0
1204,2010-11-19,-109602.0
1205,2010-11-22,-109602.0
1206,2010-11-23,-109602.0
1207,2010-11-24,-109602.0
1208,2010-11-25,-109602.0
1209,2010-11-26,-109602.0
1210,2010-11-29,-109602.0
1211,2010-11-30,-109602.0
1212,2010-12-01,-109602.0
1213,2010-12-02,-109602.0
1214,2010-12-03,-109602.0
1215,2010-12-06,-109602.0
1216,2010-12-07,-109602.0
1217,2010-12-08,-109602.0
1218,2010-12-09,-109602.0
1219,2010-12-10,-109602.0
1220,2010-12-13,-109602.0
1221,2010-12-14,-109602.0
1222,2010-12-15,-109602.0
1223,2010-12-16,-109602.0
1224,2010-12-17,-109602.0
1225,2010-12-20,-109602.0
1226,2010-12-21,-109602.0
1227,2010-12-22,-109602.0
1228,2010-12-23,-109602.0
1229,2010-12-27,-109602.0
1230,2010-12-28,-112342.0
1231,2010-12-29,-114288.0
1232,2010-12-30,-114612.0
1233,2011-01-03,-114012.0
1234,2011-01-04,-111920.0
1235,2011-01-05,-111920.0
1236,2011-01-06,-111920.0
1237,2011-01-07,-111920.0
1238,2011-01-10,-111920.0
1239,2011-01-11,-111920.0
1240,2011-01-12,-111920.0
1241,2011-01-13,-111920.0
1242,2011-01-14,-111920.0
1243,2011-01-17,-111920.0
1244,2011-01-18,-111920.0
1245,2011-01-19,-111920.0
1246,2011-01-20,-110391.0
1247,2011-01-21,-108945.0
1248,2011-01-24,-108315.0
1249,2011-01-26,-106897.0
1250,2011-01-27,-106897.0
1251,2011-01-28,-106897.0
1252,2011-01-31,-106897.0
1253,2011-02-01,-106897.0
1254,2011-02-02,-106897.0
1255,2011-02-03,-106897.0
1256,2011-02-04,-106897.0
1257,2011-02-07,-101836.0
1258,2011-02-08,-101836.0
1259,2011-02-09,-101836.0
1260,2011-02-10,-101836.0
1261,2011-02-11,-101851.0
1262,2011-02-14,-99511.0
1263,2011-02-15,-97748.0
1264,2011-02-16,-97748.0
1265,2011-02-17,-97748.0
1266,2011-02-18,-97748.0
1267,2011-02-21,-97748.0
1268,2011-02-22,-96617.0
1269,2011-02-23,-96617.0
1270,2011-02-24,-96617.0
1271,2011-02-25,-96617.0
1272,2011-02-28,-96315.0
1273,2011-03-01,-96315.0
1274,2011-03-02,-96315.0
1275,2011-03-03,-96394.0
1276,2011-03-04,-97147.0
1277,2011-03-09,-97147.0
1278,2011-03-10,-97147.0
1279,2011-03-11,-96922.0
1280,2011-03-14,-97142.0
1281,2011-03-15,-97904.0
1282,2011-03-16,-97904.0
1283,2011-03-17,-97904.0
1284,2011-03-18,-97240.0
1285,2011-03-21,-97240.0
1286,2011-03-22,-97240.0
1287,2011-03-23,-96134.0
1288,2011-03-24,-96134.0
1289,2011-03-25,-95946.0
1290,2011-03-28,-95946.0
1291,2011-03-29,-95946.0
1292,2011-03-30,-95482.0
1293,2011-03-31,-94088.0
1294,2011-04-01,-92239.0
1295,2011-04-04,-92239.0
1296,2011-04-05,-92239.0
1297,2011-04-06,-92239.0
1298,2011-04-07,-92239.0
1299,2011-04-08,-92239.0
1300,2011-04-11,-92239.0
1301,2011-04-12,-92239.0
1302,2011-04-13,-92239.0
1303,2011-04-14,-88814.0
1304,2011-04-15,-85660.0
1305,2011-04-18,-85660.0
1306,2011-04-19,-85660.0
1307,2011-04-20,-85660.0
1308,2011-04-25,-85660.0
1309,2011-04-26,-83767.0
1310,2011-04-27,-83767.0
1311,2011-04-28,-83767.0
1312,2011-04-29,-80724.0
1313,2011-05-02,-80724.0
1314,2011-05-03,-80724.0
1315,2011-05-04,-80724.0
1316,2011-05-05,-80724.0
1317,2011-05-06,-80724.0
1318,2011-05-09,-76628.0
1319,2011-05-10,-76628.0
1320,2011-05-11,-76628.0
1321,2011-05-12,-77502.0
1322,2011-05-13,-77502.0
1323,2011-05-16,-77502.0
1324,2011-05-17,-77502.0
1325,2011-05-18,-77502.0
1326,2011-05-19,-77502.0
1327,2011-05-20,-77502.0
1328,2011-05-23,-77502.0
1329,2011-05-24,-77502.0
1330,2011-05-25,-77502.0
1331,2011-05-26,-77179.0
1332,2011-05-27,-76119.0
1333,2011-05-30,-74995.0
1334,2011-05-31,-74048.0
1335,2011-06-01,-73478.0
1336,2011-06-02,-73478.0
1337,2011-06-03,-73601.0
1338,2011-06-06,-73601.0
1339,2011-06-07,-73601.0
1340,2011-06-08,-73566.0
1341,2011-06-09,-73566.0
1342,2011-06-10,-73045.0
1343,2011-06-13,-73045.0
1344,2011-06-14,-73045.0
1345,2011-06-15,-73045.0
1346,2011-06-16,-73045.0
1347,2011-06-17,-73045.0
1348,2011-06-20,-70744.0
1349,2011-06-21,-70744.0
1350,2011-06-22,-70744.0
1351,2011-06-24,-70744.0
1352,2011-06-27,-70744.0
1353,2011-06-28,-69865.0
1354,2011-06-29,-68748.0
1355,2011-06-30,-68748.0
1356,2011-07-01,-68748.0
1357,2011-07-04,-68748.0
1358,2011-07-05,-68748.0
1359,2011-07-06,-68748.0
1360,2011-07-07,-68748.0
1361,2011-07-08,-67857.0
1362,2011-07-11,-64687.0
1363,2011-07-12,-64687.0
1364,2011-07-13,-64687.0
1365,2011-07-14,-64687.0
1366,2011-07-15,-64687.0
1367,2011-07-18,-64687.0
1368,2011-07-19,-64687.0
1369,2011-07-20,-64687.0
1370,2011-07-21,-64687.0
1371,2011-07-22,-64687.0
1372,2011-07-25,-64687.0
1373,2011-07-26,-60136.0
1374,2011-07-27,-55385.0
1375,2011-07-28,-51528.0
1376,2011-07-29,-50088.0
1377,2011-08-01,-48354.0
1378,2011-08-02,-48354.0
1379,2011-08-03,-48354.0
1380,2011-08-04,-48354.0
1381,2011-08-05,-48354.0
1382,2011-08-08,-48354.0
1383,2011-08-09,-48354.0
1384,2011-08-10,-48354.0
1385,2011-08-11,-52322.0
1386,2011-08-12,-52322.0
1387,2011-08-15,-50619.0
1388,2011-08-16,-47690.0
1389,2011-08-17,-46090.0
1390,2011-08-18,-46090.0
1391,2011-08-19,-46090.0
1392,2011-08-22,-46090.0
1393,2011-08-23,-46743.0
1394,2011-08-24,-48091.0
1395,2011-08-25,-48091.0
1396,2011-08-26,-48091.0
1397,2011-08-29,-50512.0
1398,2011-08-30,-50512.0
1399,2011-08-31,-50512.0
1400,2011-09-01,-50512.0
1401,2011-09-02,-50512.0
1402,2011-09-05,-50512.0
1403,2011-09-06,-50512.0
1404,2011-09-08,-50512.0
1405,2011-09-09,-50512.0
1406,2011-09-12,-52846.0
1407,2011-09-13,-52846.0
1408,2011-09-14,-53747.0
1409,2011-09-15,-53633.0
1410,2011-09-16,-53633.0
1411,2011-09-19,-52618.0
1412,2011-09-20,-52465.0
1413,2011-09-21,-51237.0
1414,2011-09-22,-51237.0
1415,2011-09-23,-51237.0
1416,2011-09-26,-51237.0
1417,2011-09-27,-51237.0
1418,2011-09-28,-51237.0
1419,2011-09-29,-51237.0
1420,2011-09-30,-51237.0
1421,2011-10-03,-51237.0
1422,2011-10-04,-51237.0
1423,2011-10-05,-51237.0
1424,2011-10-06,-51237.0
1425,2011-10-07,-51237.0
1426,2011-10-10,-51244.0
1427,2011-10-11,-51244.0
1428,2011-10-13,-49873.0
1429,2011-10-14,-48763.0
1430,2011-10-17,-48237.0
1431,2011-10-18,-47043.0
1432,2011-10-19,-47043.0
1433,2011-10-20,-46087.0
1434,2011-10-21,-46087.0
1435,2011-10-24,-44450.0
1436,2011-10-25,-44450.0
1437,2011-10-26,-43592.0
1438,2011-10-27,-43592.0
1439,2011-10-28,-43592.0
1440,2011-10-31,-42660.0
1441,2011-11-01,-40470.0
1442,2011-11-03,-40470.0
1443,2011-11-04,-39996.0
1444,2011-11-07,-39996.0
1445,2011-11-08,-39996.0
1446,2011-11-09,-38347.0
1447,2011-11-10,-36643.0
1448,2011-11-11,-36643.0
1449,2011-11-14,-36643.0
1450,2011-11-16,-36643.0
1451,2011-11-17,-36643.0
1452,2011-11-18,-36643.0
1453,2011-11-21,-36643.0
1454,2011-11-22,-36643.0
1455,2011-11-23,-36643.0
1456,2011-11-24,-36643.0
1457,2011-11-25,-36643.0
1458,2011-11-28,-36643.0
1459,2011-11-29,-36643.0
1460,2011-11-30,-36643.0
1461,2011-12-01,-36643.0
1462,2011-12-02,-36643.0
1463,2011-12-05,-36643.0
1464,2011-12-06,-35654.0
1465,2011-12-07,-35249.0
1466,2011-12-08,-35249.0
1467,2011-12-09,-35573.0
1468,2011-12-12,-35573.0
1469,2011-12-13,-35573.0
1470,2011-12-14,-35573.0
1471,2011-12-15,-35573.0
1472,2011-12-16,-35573.0
1473,2011-12-19,-35573.0
1474,2011-12-20,-35573.0
1475,2011-12-21,-35573.0
1476,2011-12-22,-35573.0
1477,2011-12-23,-35573.0
1478,2011-12-26,-35573.0
1479,2011-12-27,-35573.0
1480,2011-12-28,-35573.0
